query_id,item_id,rank,попал,нашёлся,слов в запросе,пустой фильтр,"расстояние, км",близнецов по заголовку,покрытие заголовка
16f3c8b79ea87c91,8f7a80f4dc2497c3,0,True,True,2,False,17.3582,1.0,1.0
9c402f480fc722ed,73ab286544d04ed8,2,True,True,3,False,1.7681,1.0,0.6667
0f7f47f586dc9e40,c383d5c489eeb836,3,True,True,2,True,2.765,1.0,0.5
14a81bc986632388,6e92f86fb286d6ce,0,True,True,4,True,3.7484,1.0,0.6667
6992766c65eed45a,993df8fe9c95a2b9,0,True,True,2,True,6.4139,20.0,1.0
687ae1d1bb1ad3bd,a5c76ad31596294a,0,True,True,2,False,2.214,62.0,1.0
15b230fffbdcf0b4,65ffc0988dfe9f4d,0,True,True,4,False,0.7915,4.0,1.0
29c65e8b7fdc61b0,82865db91d01a9c9,1,True,True,2,True,0.0,3.0,1.0
29c65e8b7fdc61b0,11b3ce02c6a10306,0,True,True,2,True,0.0,4.0,1.0
1203a0c9759a8b3a,927ee094b233a3d1,0,True,True,3,True,0.2493,1.0,0.3333
5f19b8a6a84a2cd3,6f41fef4c435a27d,0,True,True,3,False,3.5235,1.0,0.3333
dd8221457fb68696,e7f79fd498b85211,6,True,True,4,True,15.7812,9.0,0.6667
377fe0f8eaabb8c4,d9b1b7f99ddb9ab5,1,True,True,1,False,2.3436,3.0,1.0
c8ace3ff6bf5f837,ae125c54140ecafb,3,True,True,2,True,0.3712,16.0,0.0
09e93ad654dfca83,d99c0af851cda5f8,2,True,True,2,False,8.2963,1.0,0.0
b9fbd8a5971989f1,e01f2f670cd9b61d,0,True,True,5,True,3.1997,1.0,0.6667
6f6bb2ce2315bae5,dd5f2a0d54b9d624,8,True,True,3,False,15.6695,20.0,0.3333
75e6b5c0c57ffe66,d2c8b2f8b1d74e4a,0,True,True,3,True,3.028,1.0,0.6667
ad303de406cf6617,fd261497ccef35e8,3,True,True,2,True,1.089,2.0,1.0
ad303de406cf6617,a9687ad63a14dec7,1,True,True,2,True,2.0835,1.0,0.5
eadcf44fb6b0ec8c,8c2c0600fd7747f7,0,True,True,3,True,1.3759,1.0,1.0
8693cf57bb507956,a118f1ae8b11bacc,0,True,True,1,True,16.559,1.0,1.0
5d934e9c7e1aba2f,6fd8ed00a42a6962,0,True,True,3,False,7.7911,4.0,0.6667
230ccf859c071ec8,72152d022553fc0f,0,True,True,3,True,4.2154,71.0,1.0
f3f25a1a8f4db642,87ee10706927f79f,1,True,True,2,False,4.2792,1.0,0.5
d945b2067d507da1,bc44e4215754a428,0,True,True,2,True,8.6036,1.0,0.5
a95407c7f66bfa52,fd65cb460944126e,0,True,True,3,False,0.1214,1.0,1.0
7359a1816ec0bceb,cf4200bb49fe4c86,3,True,True,3,True,13.148,1.0,0.6667
534b96913de4bac0,5853e9a1a8f47f99,0,True,True,2,False,0.7364,4.0,1.0
aa4c560553848871,469d113f0f60672e,1,True,True,3,False,13.8207,1.0,0.6667
aa4c560553848871,702d090e569cb6bf,0,True,True,3,False,14.6163,1.0,1.0
ca9d19a9c2e2d2fa,9f7e72ba67193f15,4,True,True,3,False,4.3305,3.0,0.6667
aa924faf89b27509,9bc29d42292220f7,0,True,True,3,True,1.9204,2.0,1.0
1d0c9d0d2dcc6ea4,d870aa69d4426d26,3,True,True,4,True,4.5696,1.0,0.3333
1c1a7e878e38fd20,1c03b48bb8fd8cdc,24,True,True,3,True,116.9063,1.0,0.6667
c9b27651adb746a0,18774f0dce15f889,7,True,True,5,False,15.9757,2.0,0.25
c9b27651adb746a0,4fe6d69d974b0f3b,1,True,True,5,False,11.5592,1.0,0.5
2c2600a5ad6cc8c1,5fe51d279cf23396,3,True,True,5,False,6.8641,1.0,0.5
00ee67f3e3ca3fb6,eece452fe7d9548b,4,True,True,3,False,3.7391,1.0,0.6667
2b072fe5dee694f7,5d058f77b0bf5466,3,True,True,3,True,2.7588,6.0,0.5
fd461c1b7e0b7884,0e59077091f0df80,3,True,True,4,False,3.4154,1.0,0.0
fd461c1b7e0b7884,ff11e756a064227a,0,True,True,4,False,0.036,2.0,0.75
bdf6448ca61287a0,958931bf58f7e431,0,True,True,2,True,0.3183,1.0,1.0
80c3f13137060432,8d91fe31961fa07f,7,True,True,2,False,4.9019,286.0,0.5
86fe5259dc79d118,50c3f7df822f161b,4,True,True,2,True,7.1804,35.0,0.0
02226ba2014bdd6f,b2b10002244b2233,0,True,True,4,False,13.5248,1.0,0.0
58f16943a79589a2,150309317b054110,2,True,True,1,True,0.0003,1.0,0.0
364941edf864774e,f1758838e8a3ce7f,0,True,True,4,True,5.3288,1.0,1.0
aaad022e6cb50219,d67b6b2f3c4f048d,2,True,True,2,True,10.015,10.0,0.0
f629887e49a1b89f,f1bbe4c0ab20e4cd,1,True,True,5,True,14.5088,1.0,0.5
319b0836ff870105,0f15aea85cedca09,23,True,True,2,True,2036.6783,1.0,1.0
ab18d81c78f676a2,97570ddc1587daf6,2,True,True,5,True,0.0,1.0,0.5
29d49b7558bef331,f359a7d5a9cbc769,0,True,True,3,False,5.4405,1.0,1.0
4c6c3481370530ef,659997ecb7314cd0,7,True,True,3,False,5.7286,1.0,0.5
c0745b0148fdeb12,0624455025d8266d,6,True,True,2,True,1.1871,1.0,0.5
934d4bde62999cc2,4b333c96c1e8e02a,2,True,True,2,True,0.1814,1.0,1.0
00f88b931ba942e5,e500eda159526b1a,0,True,True,3,True,11.7418,4.0,0.0
7ebf74734635183a,bc330f30a69b0ebd,0,True,True,7,True,11.0793,9.0,0.6
c3adcb842c13ba92,a1fede39fd6f95cd,0,True,True,5,True,0.3121,1.0,0.6667
68bbfc2dc2e39d75,67e9070a69efbfd7,1,True,True,5,True,2.6884,8.0,0.5
9b05321351e2710b,1c17c7dd9493054f,3,True,True,6,True,8.7265,1.0,0.5
9b05321351e2710b,8a4a7db4b6c337d8,0,True,True,6,True,15.5036,1.0,0.5
780d97a39fc7ce6d,d0804dd17722e3ee,18,True,True,6,False,12.2553,128.0,0.6
6fdeab8083bbe37a,6234ba9846179fcc,12,True,True,3,True,70.8391,1.0,0.6667
a9607603fc3b0dd5,7f9ea206288332d8,2,True,True,3,True,94.6222,10.0,1.0
f2b06fb085fc36ea,1d380f736f32dd6f,0,True,True,3,True,0.0001,4.0,0.5
fa07057a4c1d5a21,d3b4e0bd93149c37,40,True,True,5,True,2.399,1.0,0.5
7eb8519788329ed8,ab5a5f43853c07e7,4,True,True,3,True,6.3999,3.0,0.3333
63e30e322690dbeb,172f3282c09a25b7,3,True,True,2,True,1.1093,1.0,0.5
63e30e322690dbeb,3d4fa3877c35b026,2,True,True,2,True,4.8245,1.0,1.0
5e49bf5bf7053961,cfd81108582d0876,0,True,True,3,True,0.3869,5.0,0.6667
fb19e499005f6c88,392f546c0306eae2,2,True,True,3,True,1.7626,2.0,0.5
296beb4fe448f66d,316b7105e7d8a9a0,6,True,True,3,True,0.587,1.0,0.0
0ffdb916bdfa0848,1e1ffdb19ed6b23c,2,True,True,3,False,4.6065,1.0,0.3333
406ef133ed85b165,5850ccbaaa4cb678,13,True,True,2,True,9.4648,9.0,0.5
5102d3b7c1f6e8d7,3820b45e129907e6,3,True,True,4,True,4.2791,1.0,0.3333
efee2298d5e69cee,e42fce6534774c0e,1,True,True,2,False,0.5684,11.0,1.0
4d1a64c41c6fb666,0118bba9ac1efb1a,6,True,True,3,True,7.3147,1.0,0.3333
4cdffbf3ad21f0f5,a3e89a6e5c459ddb,-1,False,False,2,True,0.0,13.0,0.0
cd20274d7c2963d2,4d5cfaa210717283,12,True,True,2,False,0.0032,5.0,0.0
f0d3a7835a1b200d,cd8cb06c5f5f30ef,0,True,True,4,False,0.4395,4.0,0.3333
1d76420eecc71621,31c60676e6b04e08,20,True,True,3,False,10.5835,3.0,0.3333
c0714ed7ff4ed85c,a11c4d521e63c2c0,2,True,True,4,True,10.0434,1.0,0.6667
8b4d356b90065bd3,bea23860eeaab013,1,True,True,4,True,12.8731,1.0,0.75
81d3fb62629cbbf0,432f3840124d7a4c,2,True,True,3,False,4.5283,1.0,0.6667
4a6baaf5b1d2caac,08103f95959741bc,2,True,True,3,True,0.1468,1.0,0.6667
7507603a6c7b5755,2975a159ae6dd2d9,0,True,True,3,True,2.4781,1.0,0.5
9ad21eba26dd5e26,f04317386ab1edbe,2,True,True,4,True,2.0816,1.0,0.0
58a1244d6b92cec7,033f09f2fbd5511c,0,True,True,5,False,0.213,1.0,0.75
1a918c577ea72ca0,4a921723770b7eb9,0,True,True,2,True,4.8743,1.0,0.5
430d0432e4b94ce9,381acaf17d920dbf,4,True,True,3,False,4.9311,2.0,1.0
430d0432e4b94ce9,fc280ed61c801bde,7,True,True,3,False,4.3978,1.0,1.0
1f1d355b489eefd5,c30da215b1f445cd,1,True,True,1,True,1.0478,1.0,1.0
1f1d355b489eefd5,d1c38b2a1de66cde,3,True,True,1,True,0.7867,18.0,1.0
1f1d355b489eefd5,0bbcb6ef9b4d8ce6,4,True,True,1,True,0.2861,1.0,0.0
2ec605f382aeee88,3c27148a6c81f327,0,True,True,1,True,0.0002,71.0,1.0
c1f4c99f2f078ec8,6771910b52a2e447,7,True,True,5,True,13.1205,1.0,0.5
23fbfc265c392ade,1953ce86f7eca340,7,True,True,3,True,9.9508,2.0,0.3333
dd3badf33ab4ff10,0c8177e20dc34449,0,True,True,2,True,2.297,11.0,1.0
7e4f4bcb99f03c66,c9353d527abf6301,0,True,True,2,True,10.1855,1.0,0.0
51183b994018478d,06b971a3b1756073,0,True,True,3,True,1.7961,1.0,0.6667
9ae2bb17b77f7f34,03abd9a14a4ea660,0,True,True,4,True,4.908,1.0,0.6667
52f0495219027100,730230d429738f84,0,True,True,3,True,0.8201,1.0,1.0
72b6567b296201d8,40e4b451866aea0e,31,True,True,2,False,35.57,1.0,0.5
15b55b0135561a02,f95d83cf2f68caa9,2,True,True,1,False,2.7017,1.0,0.0
8afc10d63207f324,bfb933b7d458eda4,1,True,True,4,True,2.5395,1.0,0.0
17e102c3e913778e,67174804aa5e984b,2,True,True,2,True,3033.6694,1.0,1.0
09cc61bb40d3fb16,db45e1d567578430,28,True,True,5,False,4.736,1.0,0.6667
6f0ad76e2647f9dd,8172ba78bb21de29,0,True,True,2,False,3.217,5.0,1.0
5b7fd06d66ff477d,f586f0d9a906f7fd,68,False,True,5,False,1781.3005,1.0,0.6667
0f4f65deebd9009b,d09b6017ca2036e4,13,True,True,2,True,1418.7521,7.0,0.0
a7823ae28fa85a36,23f4fdec7991a7ef,3,True,True,2,True,2.6333,7.0,0.0
33d897f51ac13f04,377c7d43c6e94ae1,2,True,True,3,False,2.9986,1.0,0.6667
f17d87b9e324af98,9cdc377e8b723373,0,True,True,4,True,1.6896,2.0,0.6667
f39f7ddba6632d03,9b7dd11e6528fe3a,0,True,True,5,True,4.4725,2.0,0.5
53035f4897f4f961,9af85cf1162f1c52,9,True,True,6,False,0.5435,1.0,0.0
0bac6e1ad51c5be8,5cef0e8df994ad49,0,True,True,3,True,0.0223,1.0,0.5
d8ef8893b68b599f,12c105de3ed0553f,4,True,True,4,True,5.4358,1.0,1.0
edccaa03df877bf1,958aeb22b3d4b787,5,True,True,3,False,2801.4142,1.0,1.0
edccaa03df877bf1,f8e95147f762a2dd,3,True,True,3,False,1358.3216,1.0,1.0
6956840896647107,d8392523099afbd7,52,False,True,3,True,2.8121,1.0,0.0
eb59b2b07f8efcb5,0b305459235f42f5,3,True,True,6,True,2.246,1.0,0.25
dcb2f6020e042ace,2b4c73d2e162abdc,0,True,True,4,True,26.0781,5.0,0.25
93db0038403862bc,4fec063579ed6a8b,6,True,True,2,True,7.7619,1.0,0.5
dee058aaf5293238,0884967ee7bb8ab2,0,True,True,5,True,20.408,1.0,0.6667
8ee0b7de8f6c1562,465cd2fd12e1dde2,1,True,True,3,True,12.292,1.0,0.6667
f153d9c861a7ef66,9a2de40a976181b6,8,True,True,4,True,4.0489,1.0,0.0
5e6b87049790af02,d9b5ce4d784a88b2,16,True,True,2,True,816.4155,1.0,1.0
e34438286166c673,0579697e79b010c6,33,True,True,2,True,1.8166,1.0,0.0
d47c922385cc8118,58d211cb92fb4888,4,True,True,3,True,3.4785,1.0,0.0
d47c922385cc8118,366b8049fa91cd97,2,True,True,3,True,4.9381,38.0,1.0
d47c922385cc8118,6094d4c2d7b21d7a,1,True,True,3,True,4.9256,38.0,1.0
d4459417a4c8d011,7ae52b78aedba2ca,0,True,True,5,False,2.4803,7.0,0.4
ad5485459f3bb355,fc51f7f2dba86e31,2,True,True,5,True,2.9994,7.0,0.6667
7e97c52ab3e0d394,11abe84f609a8e8b,0,True,True,4,True,10.6917,1.0,0.5
b091da5429e9a6eb,35b49aa61a4b3651,42,True,True,4,True,36.5727,3.0,0.3333
dc3bab4758c27c1a,cc32cab49d5ddc87,2,True,True,3,True,15.3658,1.0,1.0
dc3bab4758c27c1a,401092fa040d4337,0,True,True,3,True,6.525,1.0,1.0
aced4eb494c8895c,c1cb63c2109db087,11,True,True,1,True,6.4647,1.0,1.0
aced4eb494c8895c,42c050e7d23764b4,12,True,True,1,True,2.2198,134.0,1.0
aced4eb494c8895c,17c1ff7919b21014,2,True,True,1,True,2.3034,708.0,1.0
26b523bef652f39c,9c5367cc6a657f39,4,True,True,2,False,21.9884,1.0,1.0
00c94517b6d40c6d,f1edf3caedd06f10,2,True,True,4,True,16.715,21.0,1.0
00c94517b6d40c6d,057d6611873ebe9b,29,True,True,4,True,15.3525,1.0,0.6667
85829820541eb844,8543dde4aaf25064,0,True,True,3,True,2.5723,1.0,0.5
d01847e67a6f9cc1,a50bea267546ca35,3,True,True,3,True,6.5067,1.0,0.6667
ad01d112a092a3c1,d545d16683d56a42,1,True,True,2,True,0.0001,2.0,0.5
dd58e944ae39db3f,8c4b192f95c8164b,65,False,True,3,True,638.6867,16.0,0.6667
dd58e944ae39db3f,e99e3ceab0a3488f,126,False,True,3,True,1262.8174,3.0,1.0
9b7dcd765ee58966,375b905d31ede83b,0,True,True,4,True,7.4991,20.0,0.3333
5b29c84b34f124f3,f2d0dd72668ce6bb,0,True,True,1,False,0.934,3.0,0.0
363ccadc6d4aa322,34ff9b1bd6c74d3b,14,True,True,3,True,15.517,22.0,0.6667
3993b3fd22745b5d,455791177b83155e,1,True,True,2,False,0.0188,1.0,0.5
555b4667f259bd46,7c3ea7ede070cae8,1,True,True,3,True,0.9828,1.0,0.0
408ea815a64f6c5e,890e67b5d7d7197b,0,True,True,4,True,9.8331,2.0,0.75
6eb86516db5dd4ba,ca5f672550b6b523,6,True,True,4,True,12.6952,1.0,0.6667
929fe3484557f95c,ef601bf08f02e04c,1,True,True,3,True,11.5562,1.0,0.0
6e93f490b0ddd5f1,acd6cf7c9a9cacc3,3,True,True,2,True,6.0104,2.0,0.0
49e8e40239731f21,717e4f705834142d,0,True,True,2,True,2.2276,1.0,0.0
ea88f97b35ad21f9,f902d4b634aea74f,4,True,True,2,False,5.2751,2.0,0.5
ce77443497575fe7,46df9535cfb61840,0,True,True,4,True,2.2631,1.0,0.75
19ddba9db3841cbc,627179afb3118e31,4,True,True,2,False,7.4994,4.0,1.0
fd9600714831a3ab,7cb707e92a550145,0,True,True,4,True,1.7282,1.0,0.3333
5418181070f998b9,d6d7e860d3458fd9,-1,False,False,3,False,1.1598,1.0,0.0
c7905fd198ef0ab2,e1c0f4c9b89fdc8a,7,True,True,5,True,15.5144,3.0,0.6667
5f18cd30037e5e65,4e8ca86e014196d1,20,True,True,3,False,0.9547,1.0,0.3333
3fb2aa539115ae72,cc60aa2341347abb,2,True,True,3,False,1499.801,1.0,0.5
1c4ec110fab2c063,b6ae667a6c4f0ae1,1,True,True,3,False,1.9773,1.0,1.0
7e9a0843ff7608e8,2612b357a881870a,0,True,True,3,True,0.6922,1.0,1.0
5ce9460858087911,5e540e733705abcb,31,True,True,3,True,1.17,4.0,0.0
5f325250db83c6a0,f9d2e406c619256a,1,True,True,4,True,6.2895,1.0,0.25
7bfbc97564551d23,c98e2a19c9ef8dc2,0,True,True,3,False,6.2526,2.0,1.0
b606a4cb6d71a604,f9223086df8d8634,2,True,True,2,True,11.0287,1.0,0.5
4f68492ba7a7ad45,3554bea86d4a2946,2,True,True,5,True,0.7388,7.0,0.0
4f68492ba7a7ad45,8b7359142cfb2bca,1,True,True,5,True,0.535,1.0,0.5
84f88225798948f1,7453492239a2c79b,6,True,True,2,True,0.532,1.0,0.5
ebde3ff5c1f57ae7,99f9834926ea4edf,1,True,True,2,True,1.7626,1.0,0.5
05b7ca6628e3b762,b3584d62268ee64d,6,True,True,3,True,7.1393,1.0,0.6667
30cc78f71e707d1d,10e86b46306f53a6,1,True,True,4,True,4.6636,1.0,0.6667
b7b1439fd1416445,c31b4e26a90cb127,47,True,True,5,True,18.4,1.0,0.75
6caa76b4e7026648,fe0e9b062aebfcf4,1,True,True,3,False,3.5728,1.0,0.5
25ac62b37ffd105e,29bac69afae52153,34,True,True,3,False,364.0114,1.0,1.0
4cf770a72082e776,8954bfeb9eb3d4e8,0,True,True,4,True,0.5566,27.0,0.0
4add2e7c3640a12a,bbaf7a9f1409cf5f,0,True,True,3,True,9.9069,1.0,0.3333
bbde0f0f3f3c9ff7,62c1f3a8ab2f70a0,0,True,True,2,True,19.1573,1.0,1.0
96be06920dfb7cf4,55230d594f42c390,19,True,True,6,True,11.2846,1.0,0.6
4e5e39657c56730e,87f4a032b384126e,0,True,True,5,True,1.3517,1.0,0.75
8f6914412f7edc62,861bdb9a2a529e13,0,True,True,4,False,1.9992,4.0,1.0
996289ee159b2c11,1fbdbd779d2155ea,0,True,True,2,True,6.8078,1.0,0.5
c0b77cc9c330c5c3,6e1ee946a1006dd3,1,True,True,2,False,1.2128,28.0,1.0
c0b77cc9c330c5c3,d47acf936bf9fcda,0,True,True,2,False,4.7548,1.0,0.5
9c399b040ced47cc,a0462eada160da87,0,True,True,7,True,6.2415,1.0,0.2
82b9b9ea52057d01,2e6ac8bf4344196b,-1,False,False,4,True,4.5811,1.0,0.0
30b37728c1eda2c6,800367db95d4f009,12,True,True,4,False,7.3497,1.0,0.0
75f644ee212e6ebb,b22da07a87f22fea,0,True,True,2,True,11.2427,1.0,0.5
f2fdfa7e3394db3d,b32dbb6cd9652d77,-1,False,False,4,True,2302.0669,1.0,0.0
7238d4036868a8d7,14238d562a602e5c,0,True,True,2,True,3.2523,2.0,1.0
a0813df2e0e63cb8,900ad41a72ba9a1b,3,True,True,2,False,192.1059,1.0,0.5
f3f53d83a7f895e8,d2065cc50da17e05,8,True,True,3,True,24.6618,5.0,0.3333
546a31996f6b05da,c9235d34bcd61a39,0,True,True,4,False,2.1141,3.0,0.3333
546a31996f6b05da,fc460384e56290f8,1,True,True,4,False,15.8187,1.0,0.3333
e8ece3eaaacd585e,dc91171ef38b8b2a,148,False,True,3,False,1378.4158,1.0,0.6667
359f273d467d683b,9e2c6cb2c9d1f679,1,True,True,3,False,1.3096,1.0,1.0
78f5bb1ef63c6790,75bb9721feb53c2a,9,True,True,3,True,1.0684,1.0,0.6667
78f5bb1ef63c6790,da9b4cf9905f741e,0,True,True,3,True,3.9768,1.0,0.6667
564ca7ebab8ab478,40047cb0fa589c31,77,False,True,3,True,59.221,1.0,0.3333
c5624fed67ab2f27,8f8aa3e5a1989ead,0,True,True,4,True,24.2612,1.0,1.0
e9424fc629d25960,5f5748a049a57ba4,0,True,True,6,False,2.1537,229.0,0.1667
df1b357f9a83f2e7,eefff5b6f2a02b5f,2,True,True,2,True,3.4269,1.0,0.5
ec6481dc80b454b2,b03327de9ac73827,1,True,True,5,False,30.9712,1.0,1.0
df7e24fc3ebe3a6c,b44c166ea36cd3d2,17,True,True,2,False,20.0185,1.0,0.5
148f2e35003622b9,caa716afd6e81b42,7,True,True,2,False,8.7394,1.0,0.5
148f2e35003622b9,2ed8c831c4ab5eb5,0,True,True,2,False,0.0002,7.0,1.0
0e3e5eec32d7d3c7,b70e14ae42a4b107,2,True,True,3,True,1.1766,1.0,1.0
ff39436c86bc09f6,93dd2ebdce7d8aea,0,True,True,5,True,0.0399,1.0,0.0
3d8bc3afa3bcfe6c,e56b6db88eecf37f,1,True,True,3,True,5.7081,1.0,1.0
8c4d57eca31a44aa,a7cd603f806a1a23,31,True,True,2,True,6.215,24.0,0.5
dd228e2f26c1f961,0791104e795cf142,1,True,True,3,True,4.5491,1.0,1.0
1eddd9de7ca64742,10c3b60bbe8138b5,4,True,True,5,True,3.9059,1.0,0.25
f541df70dc1e02fe,d77729189aa67add,0,True,True,3,True,15.3621,1.0,0.5
8ea87076dc817405,362a40b155148082,0,True,True,3,False,3.3392,2.0,0.6667
074c14e1a01d4317,b12f07c7da34c4f1,3,True,True,3,False,464.8693,2.0,1.0
108d4f33acf4f7c1,149e61684faa1da1,4,True,True,2,True,15.1547,1.0,0.5
503f18549019bb25,7afd52931bd77073,37,True,True,2,False,43.7152,1.0,0.0
418746eb93517fe3,87fcf8d963c33312,1,True,True,3,False,3.4993,1.0,0.3333
17c948a437f44ce1,6a8e586b71f7b8d9,0,True,True,7,False,7.4252,1.0,1.0
32c3b77b1dbfaab2,7571cf8dc4ff09d8,12,True,True,2,True,12.4788,2.0,1.0
32c3b77b1dbfaab2,b5aa7ef0ab939e6d,15,True,True,2,True,8.807,8.0,0.5
32c3b77b1dbfaab2,574803edf606b320,11,True,True,2,True,13.6284,1.0,1.0
32c3b77b1dbfaab2,090a11109f0c7641,24,True,True,2,True,10.2792,1.0,0.5
32c3b77b1dbfaab2,c9a823ae64fbd1eb,1,True,True,2,True,9.8638,1.0,0.5
32c3b77b1dbfaab2,3e302aa89e51962d,8,True,True,2,True,3.2745,1.0,0.0
90d148142fdc66a6,5636b576da7e6015,0,True,True,3,True,5.2024,1.0,0.6667
eee30c7e31393b22,8e826a827e3fa3c1,0,True,True,2,True,1.7012,59.0,1.0
5c909cc39e8192c5,f58ab25c6f457078,2,True,True,6,True,2.3819,1.0,0.25
cc5a139763b325e7,46a377d485a4243f,3,True,True,3,True,16.1414,1.0,1.0
e033a3bc929aa988,78af6d43fe70aeaa,0,True,True,3,False,0.0026,101.0,1.0
a1124e8994e1ef62,093d7dc126568c1b,1,True,True,4,False,3.551,2.0,0.3333
4d9dc17baa4caf69,a68e73509c7952a7,0,True,True,3,False,0.0,2.0,0.3333
26762136140fec2f,6022fe2b4b16a75a,4,True,True,6,True,8.5215,1.0,0.2857
8aad556cdd554c6b,c32e44f4169e4baf,1,True,True,2,True,1.8673,286.0,0.0
8aad556cdd554c6b,66f0a974680c1919,8,True,True,2,True,5.6069,1.0,0.5
aada0796138e33cd,e324bfcb4b3bf337,6,True,True,1,False,11.2669,1.0,1.0
aada0796138e33cd,dc5cf831b9ce6418,3,True,True,1,False,4.0385,44.0,1.0
f5e19637b2b949f7,6a4f94ac700e53c8,36,True,True,4,False,4197.3901,1.0,0.6667
1291c66421c4845c,1439cbd7763c0aeb,17,True,True,5,True,4.3803,16.0,0.5
6c8388d139f1ee59,016e5e576631a3e0,0,True,True,2,False,1.1487,11.0,1.0
2d0c06ee6d07533b,2af3c9b49bd35ca8,17,True,True,2,False,7.9108,1.0,0.0
63e7b60837d2747f,47e6ff0ea3aba4d0,0,True,True,5,True,3.8709,1.0,0.75
85392a4d448552b6,6515755dac3b3eb0,1,True,True,3,True,0.9321,1.0,0.0
19a36d07d67957d6,5deff532f4da9537,3,True,True,2,True,1.0583,38.0,0.0
f3d914b844aba122,1f9da351ce350de6,1,True,True,7,True,5.6049,7.0,0.8
9576c057e65e03b1,162754d9795cfc46,90,False,True,3,True,5.545,1.0,0.0
53e76681d45909ff,1d58f9a4362f3a03,9,True,True,5,False,20.7817,1.0,0.75
9d4b4cd272972eba,6ca2fd62de127c2c,4,True,True,2,True,5.2184,1.0,0.0
4e88d3ff14f71759,abf609625bb57219,3,True,True,3,True,2.8851,1.0,0.3333
de8c067f3e8cc7d4,49dabfd213fefb08,1,True,True,3,False,0.7759,6.0,0.6667
85ef7601f6edf91d,ba66aa9e3d5074cf,5,True,True,1,False,0.8362,2.0,0.0
d30e21fc2f8bba4c,ee197ae420d551e8,0,True,True,2,False,4.9025,1.0,0.5
ada4eaecb362edd6,11dd3f141af921e3,5,True,True,6,True,5.302,1.0,0.75
ada4eaecb362edd6,b3327cda11128dc3,4,True,True,6,True,0.7045,1.0,0.75
1867fde1850dff21,0515b9899f393cee,1,True,True,2,True,1.8663,1.0,1.0
ba97b7440a636254,d07465104c8e0168,4,True,True,2,True,0.0,2.0,0.0
ba97b7440a636254,7e76edf760a95156,1,True,True,2,True,0.0,1.0,0.0
141fb925d1a8fa42,1b332ff4df3cdcc5,7,True,True,4,True,4.0025,1.0,0.3333
519f780513525f40,84aea4c61df37ab5,-1,False,False,2,False,0.0001,17.0,0.0
531831572b745121,c61eba064af3d77a,12,True,True,3,False,13.0899,1.0,1.0
38c730fdea76e1b2,0e2d5521de44dfe4,2,True,True,4,True,16.1414,1.0,0.25
441eedd8c5dbe1c1,25e9aa269e8d9189,1,True,True,2,False,1.9994,1.0,1.0
441eedd8c5dbe1c1,9904e96630ead12a,0,True,True,2,False,0.494,1.0,1.0
36eb91d2060a8a22,d611df7731137387,16,True,True,5,True,9.4373,17.0,0.25
3dc6a127085911a0,6a4842da652568bc,1,True,True,6,False,0.0002,286.0,0.25
71171f92e8c3fc70,c224b212ea1ceb7d,1,True,True,8,True,2.53,1.0,1.0
cc4924ee37c2a487,de94a5bbcdd2bf23,7,True,True,2,False,1194.5733,4.0,1.0
29903375516728d6,16f6c184c950557b,14,True,True,4,True,4.555,47.0,0.0
977815ed94a4d9d0,c1ff6c1718315245,2,True,True,7,True,15.7412,1.0,0.0
af2708657a1912c9,99606182c22580cc,1,True,True,4,False,3.7157,1.0,0.3333
cd8553027a619a7d,cdaa68c2b267fe57,0,True,True,3,True,4.0848,1.0,0.0
cd8553027a619a7d,ee1307db216d02d6,2,True,True,3,True,1.6658,1.0,0.3333
9b2b202d567801d1,0189f087d0658ef1,48,True,True,4,True,392.0235,1.0,0.5
628d5b15de17ce40,3dd8d16a6a908e07,0,True,True,2,True,0.4692,1.0,0.5
852634fe7df6bcaa,b3562b70aed7d602,9,True,True,4,True,5.4098,1.0,0.3333
852634fe7df6bcaa,849efb3f7a9c79e7,4,True,True,4,True,0.0656,3.0,0.3333
399cee14a7caea35,f0ad0a3b61038fc0,1,True,True,3,True,2.5622,28.0,1.0
332092c182f52daf,da0a4e8014d8435c,0,True,True,3,False,2.0138,1.0,1.0
332092c182f52daf,5f6b4a48f0749138,1,True,True,3,False,9.4321,9.0,1.0
e23526734e4f777e,22678255cca7e608,9,True,True,3,True,1.2976,2.0,0.3333
2c0cd1f2a5e37c48,11561e87f009b8b1,1,True,True,2,True,4.654,9.0,0.0
56c52a4837a230f6,7344275a24709231,0,True,True,2,True,9.468,1.0,1.0
a07b46a956de61ef,1086938a874ddb05,2,True,True,3,True,4.1114,1.0,1.0
e1395143c7b38e24,e6e00bd4b205b238,1,True,True,1,False,0.1283,1.0,1.0
e1395143c7b38e24,77a23cc7f61a7eca,0,True,True,1,False,5.4692,3.0,1.0
3148b9b93ae43e8d,139ea1d1e9a19aa3,21,True,True,4,True,23.2961,6.0,0.3333
b1092f4b5a692f86,9129a9bb7fee100c,0,True,True,3,False,0.9605,1.0,1.0
08ac64bf60e1adca,668090772a107fc2,0,True,True,3,False,3.7601,10.0,0.5
2bca048975f14a4f,a1f228cb6115253c,1,True,True,3,True,0.8685,1.0,1.0
3f6b48e21510907c,b74d6a428682aad6,3,True,True,2,True,13.0114,8.0,1.0
c6c2bd00edefcbef,430f7ad658c003bb,5,True,True,5,True,17.9482,9.0,0.5
e708983e029d5814,92ffeb9496c05eb3,14,True,True,5,False,0.9467,1.0,0.5
b4a45b1927793aa0,5a4a21dfd905b71e,1,True,True,3,False,2.6987,1.0,0.3333
00e5fa0734439d4c,5676f0f7f6406dad,0,True,True,2,True,3.0654,1.0,1.0
513fd6d998d92086,117ae756b0e15a34,1,True,True,4,True,1.6657,13.0,0.6667
d5181d18afafe883,121eb9f4a6a6d81b,0,True,True,3,True,17.305,1.0,0.3333
379c84f425cbe82b,5fdd9aae8c37a082,0,True,True,2,False,1.6657,17.0,0.5
379c84f425cbe82b,ce0f1f17427ef2f8,1,True,True,2,False,5.0259,4.0,0.5
2a83081948749b83,2fef1a8238ea6da4,1,True,True,3,True,1.888,1.0,0.3333
47b2024389b54aff,c50a287cc91f4895,0,True,True,2,True,2.6258,3.0,0.5
c57f2e5c62c7d28a,73fd61aa943337e9,0,True,True,3,True,0.0,1.0,1.0
ca0d471ab8f0c4d9,64a7912e0cce798b,7,True,True,6,True,3.2855,1.0,0.0
ad3f81308768ac79,a002039a75c98557,2,True,True,3,False,10.4089,1.0,0.3333
25ab53d3c44ae669,03e2cce17f267f1a,12,True,True,1,True,0.1468,1.0,0.0
25ab53d3c44ae669,edc993106850004a,10,True,True,1,True,17.7764,1.0,0.0
25ab53d3c44ae669,197606bb729552cf,41,True,True,1,True,7064.0537,1.0,1.0
25ab53d3c44ae669,c1bbcc44f888ae9b,24,True,True,1,True,0.1468,1.0,0.0
25ab53d3c44ae669,e4c8a0166b067816,1,True,True,1,True,1.9272,2.0,1.0
998fab9b7ee24020,c28562950ba83321,0,True,True,2,True,12.1642,1.0,1.0
a7afc1a84aac8675,9126c4d76a13db33,0,True,True,3,False,0.0001,149.0,0.0
7ca4a0deb273d357,2cc044b6fb0609a4,0,True,True,3,True,7.0199,1.0,0.5
7ca4a0deb273d357,94b544b5979f32e8,4,True,True,3,True,18.5277,1.0,0.5
7ca4a0deb273d357,49babf2c08edf8ec,16,True,True,3,True,32.0421,1.0,1.0
7ca4a0deb273d357,db494602d57927a9,2,True,True,3,True,8.8819,7.0,0.5
7b5bee3e022fc779,6f3a16443ba79956,0,True,True,6,True,8.82,1.0,0.75
9ee6fbfd027315da,16b6c7a67e27367c,7,True,True,3,False,1.0322,3.0,1.0
9ee6fbfd027315da,8ba0bc52e693ed76,3,True,True,3,False,0.1401,34.0,1.0
4f37d0d52d69ddf9,ae8676577beec57f,1,True,True,3,True,24.1862,18.0,0.3333
86770c6b0e98e1de,095164ed96f1f942,79,False,True,4,True,11.576,77.0,0.0
6b8c44715c3041a4,46cfee263242d453,150,False,True,4,True,173.4637,2.0,0.5
726a56a10cbb17d1,f56e304304dd7a1b,1,True,True,1,False,5.185,1.0,0.0
ca1f26fdc3b14778,6564f4b00e2fb7cc,0,True,True,3,True,3.355,1.0,1.0
9a5049a7550893b2,a3c8ba9daa0ad161,1,True,True,2,True,10.672,7.0,0.5
e5fee706af4f6977,22bdb57d917a3e61,5,True,True,3,True,28.4991,5.0,1.0
26196a51389fbd54,4c0ea563a6e1186c,23,True,True,4,False,2.3295,1.0,0.3333
20691734e665bf8e,ca890cc9de2dd515,25,True,True,3,False,13.4865,1.0,0.3333
a155f8c9f25eadd4,d9ca48f38914e604,3,True,True,3,True,3.9274,13.0,0.6667
5b0675c78169008a,94ad640fff0a3af4,0,True,True,2,True,16.9101,1.0,0.5
c25faf0223a9be08,4fb4465239cef3b4,1,True,True,3,False,0.9034,1.0,1.0
75c830514dd3cfdb,44f1439a7a094a61,5,True,True,2,False,2.4513,1.0,0.5
7abd2eab5fb4dca0,d3abf48bf0ee05b0,3,True,True,1,True,11.8632,1.0,1.0
a849bfe56d881168,f954aa6e7bb42ca5,0,True,True,2,True,14.7188,1.0,1.0
10071ac09e7f1305,849b147f5b2ae44a,1,True,True,4,True,3.2363,1.0,0.6667
10071ac09e7f1305,63ddede6ec1e1068,-1,False,False,4,True,1164.7548,103.0,0.0
10071ac09e7f1305,07691d5117e30bed,20,True,True,4,True,12.3165,3.0,0.6667
10071ac09e7f1305,ecdc117f3231bea3,14,True,True,4,True,5.8801,1.0,0.6667
e84cc0fd700bd7c0,d1604e3a9ef9c999,0,True,True,5,True,7.2679,1.0,0.75
e4fbb6b08468e683,cafb97258131e645,1,True,True,3,True,15.0856,5.0,1.0
f9700293ab0ce814,b73f7214a2e179c3,0,True,True,3,False,3.2868,1.0,0.6667
14aec9fb05cd01f9,fa8fbd4865407013,0,True,True,4,True,1.5639,34.0,0.5
f191e44ef2423b1b,258720f82024622e,1,True,True,5,True,2.4389,1.0,0.0
799444833417458d,2d61e0fb667cef1c,0,True,True,2,True,0.0071,1.0,0.0
6ffb3172cfbbd510,a9292ea3187203aa,0,True,True,3,False,12.1656,1.0,1.0
648e5cb20248d433,1a6578ecdea48673,1,True,True,2,True,1.5427,1.0,0.5
648e5cb20248d433,280e15b1e9b0de7b,3,True,True,2,True,0.5351,1.0,0.0
98c0134ee1bbcbe3,f8e517744a0c38a3,6,True,True,1,False,8.1577,1272.0,1.0
98c0134ee1bbcbe3,c70836c0465f2c8f,5,True,True,1,False,6.4383,1272.0,1.0
6bfc304954bc2c5b,28d4c3c4311c77c9,0,True,True,2,True,1.1606,1.0,1.0
6d7977f146d542bf,aec108f89bbf9512,7,True,True,4,False,2.5819,2.0,0.0
3f797d0ceb5a58aa,6a04aeedc0aa34e6,5,True,True,4,True,8.5779,2.0,0.6667
ca678de1eaa2fad1,6ec87811a61379e3,0,True,True,3,True,0.6156,1.0,0.0
fc3fa4e5d2ff9435,4a1eff0f041e5dbf,0,True,True,2,True,2.2889,1.0,1.0
cfb034938bbe9fba,c50e280b9be83bbe,33,True,True,6,False,4.0571,1.0,0.0
cac4ea75a5dac19c,56464b20a0b13487,3,True,True,4,True,240.7304,1.0,0.0
78b89e56761af760,701fd349237404cd,1,True,True,3,False,13.9702,1.0,1.0
78b89e56761af760,9e29db2fed268f71,2,True,True,3,False,3.1571,1.0,0.6667
5200c835fd755393,4d13fabdfa46c88c,2,True,True,2,True,6.0177,4.0,0.5
5200c835fd755393,60024a05e05bae18,0,True,True,2,True,5.2329,1.0,1.0
12a3f40a2c6ea9e0,8ac8d8de981e3772,0,True,True,2,False,0.5351,2.0,1.0
12a3f40a2c6ea9e0,fadc0a81c3dda6a6,17,True,True,2,False,9.0964,1.0,0.5
12a3f40a2c6ea9e0,4c57373f685e2b8f,1,True,True,2,False,9.1676,1.0,1.0
f355cb9684e22fda,ee54fedaae94b9ca,0,True,True,3,True,10.5327,20.0,0.6667
b846a4dc80056c12,9a37cae2dea092f9,3,True,True,5,True,4.6603,2.0,0.75
7be590a0e61f8a40,9db39423fcbf83de,1,True,True,2,True,7.2972,1.0,1.0
b1261c0c98ed5fa6,ccf105ec6d55d7af,0,True,True,4,True,0.5351,1.0,0.3333
4c599438c3e5f3d9,f44421002c15317f,-1,False,False,4,True,27.0432,1.0,0.0
45c9cca83a00c872,02f4bf20428512da,4,True,True,2,True,4.3427,7.0,1.0
45c9cca83a00c872,d14ddb1ab40e5d51,2,True,True,2,True,7.9471,1.0,1.0
932c1ba3d3459b52,3148c05061ed7cc1,1,True,True,2,True,3.1317,40.0,1.0
d7cf533e01eb4052,66da150a9ae9b192,1,True,True,3,True,2.707,2.0,1.0
7d84322c25e24588,2da3ab9fd95e72f1,0,True,True,2,True,4.1361,1.0,0.5
04bc19d178fd9285,18f12fb895326ee9,1,True,True,1,True,3.2315,1.0,1.0
af1eb3e25bcff22f,73178afb09e25084,-1,False,False,3,True,15.873,1.0,0.0
9b16832e111a2d6b,ddc002d30733b622,0,True,True,2,False,0.663,5.0,0.5
3ef9b90eedb6a76c,5c8d3051b42e5e41,0,True,True,4,True,0.127,1.0,0.3333
a1711f62f35feb60,1e06c78e8f5f17b2,0,True,True,2,False,0.0002,6.0,0.5
58d5607bcf7616d4,73cd3c2edd31a91f,0,True,True,6,False,1.6798,1.0,0.0
250a35e3e41ad063,1784ed3073b00a58,0,True,True,4,True,0.6234,75.0,0.3333
dba51ec0ec322ad0,f6c18f77536937c2,64,False,True,4,True,923.6257,1.0,1.0
4985aa584eca83ac,17d5c8ae52fe36bb,0,True,True,2,True,9.8439,1.0,1.0
698e4baefcdafd63,06f532c3c2130636,1,True,True,3,True,2.4726,1.0,0.3333
790ab27b2992dc2b,eafb76495284c8b4,0,True,True,3,False,0.7012,1.0,0.5
6d084461dd120a1b,08085df5f07cac24,0,True,True,2,True,0.1199,2.0,1.0
0f72001674afa06d,016ba34e436e042a,0,True,True,3,True,0.9469,1.0,1.0
dbb3475a17aa58fb,ed7c910ea6f4ea8a,0,True,True,4,False,13.6868,1.0,0.6667
d4de21477bb2e1a7,2c034b13adef565d,1,True,True,5,True,15.0254,1.0,0.5
8a9d786a055054ca,72a3bfdd60c8906f,32,True,True,6,True,2.4093,1.0,0.2
81964167d6caddcd,7f075dffc4d9a1de,11,True,True,4,True,1832.9625,1.0,0.3333
cc0caba8af52d493,aabe8ea1f1e69849,0,True,True,4,True,1.1652,9.0,1.0
0df9924d7fae6b60,07bc5cd03b78d435,1,True,True,5,True,4.1374,18.0,0.0
cb4cd7a04e2b6192,00fe555b31793be1,55,False,True,6,False,18.1438,1.0,0.6
0d68ae693b7c9c7c,21313dec118deca4,0,True,True,2,True,2.4765,2.0,1.0
fc13ac464b6a4747,f2177a595390ceec,4,True,True,5,True,11.3138,5.0,0.4
1c1b42f44a049f5c,df5075f983756fa7,0,True,True,3,True,5.0729,1.0,0.6667
d594de39ca13422d,b5d2afcef49861b8,0,True,True,4,True,11.3026,1.0,0.6667
b7046a653b76c7fb,c5c2941f984ce0ed,1,True,True,3,True,5.3423,2.0,0.3333
ad9fe68786886378,cf98f90aff745577,0,True,True,4,False,4.7702,1.0,1.0
ad9fe68786886378,f4fbced374e3f9f5,3,True,True,4,False,1.9053,1.0,0.3333
46fb366c484434c9,e79c26fa192931d3,23,True,True,5,False,20.7881,40.0,0.75
46fb366c484434c9,69d72ecada8ce47b,10,True,True,5,False,10.2026,1.0,1.0
614cb79c927c10da,bcc403a3f69c4561,0,True,True,4,True,0.1468,6.0,1.0
2073f1601fcee9f7,7373bc6b9c524e67,39,True,True,3,True,5.8227,1.0,0.5
c70f254a3988300f,ddc4c2d930676b65,75,False,True,4,False,7.0768,191.0,1.0
c70f254a3988300f,c40b41aaa5b03fda,46,True,True,4,False,17.7536,191.0,1.0
db4dab2631d5d9d2,4dfbaa68b66823a5,16,True,True,3,True,0.3372,1.0,0.3333
7d273baeee184d72,bb79e0265ea8ddd8,0,True,True,1,False,0.5757,1.0,1.0
380f4cd706c56292,da09b9056af5db56,0,True,True,4,False,3.9816,13.0,1.0
6e88a23e83101a30,f0f60fb8d42e95fa,1,True,True,3,True,0.8759,1.0,0.3333
acfe6dbaba5d8734,99d249d0448d7b8d,0,True,True,5,False,1.7628,1.0,0.5
1b7442742d2176ad,840cd3f06aa36898,0,True,True,3,True,13.8649,4.0,1.0
ca9723ce8dc36a85,3a150ebd77a965f2,0,True,True,3,False,2.9989,1.0,0.6667
bb5edbd7b936bf02,6339b46f1a867bf9,-1,False,False,2,True,2.4213,10.0,0.0
1e73dbd732547bbb,18b240858b005cc9,1,True,True,3,True,4.1782,10.0,0.5
24327a49d8f6fb1f,c088f433e9d1ff40,16,True,True,2,False,6.2935,7.0,0.0
ab9db51ffa1a26f8,1fe354b6007e910b,7,True,True,4,True,12.5236,1.0,0.5
7f51f9182dba2105,33f774865d965a78,0,True,True,2,False,4.6613,44.0,0.5
367b58d7cb3b1274,7b6b790717f1b21b,7,True,True,3,False,0.0574,1.0,0.3333
51c5d8fd21695b88,ac58886969e45eac,13,True,True,7,False,18.5984,1.0,0.5
9e6632c3868f7af1,d83ae78fbf844964,3,True,True,3,True,16.5503,1.0,0.6667
499a7d9437747322,9155ec54d0165f92,2,True,True,3,True,9.2351,1.0,1.0
c7280c53381d6901,c02bdeeae7f998ba,0,True,True,4,False,3.9323,1.0,0.75
a2598c7e345cd4c6,509ee58d8c5a2003,0,True,True,2,True,0.0448,269.0,1.0
46b16985ec0501f2,12ea686648a2ffef,0,True,True,5,True,58.8243,1.0,1.0
02248d37e9c7c30e,89d038e0543df72a,-1,False,False,4,True,464.4381,1.0,0.6667
a0face28c963cf91,a6cf9ed7464b0e15,95,False,True,4,True,0.5351,1.0,0.0
510951d9e94db5d4,658636cd1af488be,0,True,True,6,True,18.6265,1.0,0.75
014286edc954b21c,ad1bcfaf1c003199,1,True,True,2,False,9.3233,1.0,0.5
766e2af8599d75c7,4fb0fa264a067e9b,1,True,True,3,True,1.0764,1.0,0.6667
fe6611550b42598f,23c3ff925197a037,38,True,True,4,True,1.6684,1.0,0.3333
bbb6d55fe4dc8504,377a8f4f9620e126,23,True,True,4,False,8.807,43.0,0.3333
a1f0d1bd41423274,a7d363073bd190bf,1,True,True,6,True,9.7046,1.0,0.5
a671ca79a76bab44,8fdd54073028d430,0,True,True,3,False,0.8579,3.0,1.0
c3dc23f3d47c291d,9962d6cf888db279,0,True,True,3,True,6.6701,1.0,1.0
6851335f97aac793,aa27716a88fd9799,2,True,True,2,True,3.4828,1.0,1.0
26f79791c478f7a1,e0658fb7d8b563d5,2,True,True,2,False,5.9824,2.0,1.0
99db086fd600ad95,9131d75889e4052e,106,False,True,5,False,376.1072,1.0,0.0
b649fb901935071d,4d093735f8674750,0,True,True,3,False,3.8696,27.0,0.3333
3e9f0a21a0ee926f,22a47fc96bbd5144,6,True,True,2,True,6.3769,1.0,0.5
3fdb398f5459eb95,41a0742b31c42eee,5,True,True,2,False,1.7628,7.0,0.5
5acc885fcedbd3d1,06b7ea9e0659be93,0,True,True,2,False,6.6968,50.0,0.5
fb61dc41c1954ee8,d76f065007e8a56b,4,True,True,3,True,94.7224,1.0,0.6667
99192290efe3643b,44c0a4845c154e31,5,True,True,2,False,10.5319,1.0,0.5
9ab49d6ce14968a0,b8015e5d1fbd6132,-1,False,False,2,False,15.0863,4.0,0.0
9ab49d6ce14968a0,2b1b314b8387dd60,62,False,True,2,False,25.5949,1.0,0.5
65151142872daf52,900fc4afa60f21e0,0,True,True,2,True,2.1794,1.0,1.0
65151142872daf52,6c9923e8a6ccfaf6,1,True,True,2,True,6.3921,2.0,1.0
93e17658b44e5c94,d9e626267943ab5f,0,True,True,3,True,2.0881,1.0,0.3333
18a3c9db0a409ff8,eb148fd799eb5149,15,True,True,1,True,9.0547,25.0,0.0
18a3c9db0a409ff8,7234c493b90140c0,2,True,True,1,True,2.371,1.0,1.0
b63a21633f98c1ba,dd36ff7afc2cc336,0,True,True,2,True,2.5098,15.0,0.5
396da53624235fea,fdc832f213d28f1a,2,True,True,3,True,1.47,1.0,0.3333
e57297aacc5da570,0c91fe14cb9e6d6b,2,True,True,3,False,0.8496,5.0,0.0
8d1dbda7dee146a4,d0341d986bed1c11,5,True,True,3,True,4.3351,4.0,0.3333
8d1dbda7dee146a4,a0e01c21a9632a9b,4,True,True,3,True,11.6425,94.0,1.0
63d4fe8ea3fa7746,4ddb778c57b27059,2,True,True,4,True,3.0212,1.0,0.3333
df0740754c2d7092,ae9d67373fede95d,1,True,True,5,True,0.8202,18.0,0.3333
d3d07a7fb9f17951,5365a8af97b27808,30,True,True,2,False,12.2421,1272.0,1.0
0b972eca1911dfa2,05f5d64a64cbf524,0,True,True,4,True,4.9671,1.0,0.6667
621943ce516e9f0b,7565c4f53c30fdfc,2,True,True,4,True,0.3711,1.0,0.0
f03172f81119c562,cbfd61065de4cca8,1,True,True,2,False,18.6356,1.0,1.0
3c93ac05c0a1d211,776d17437689150a,1,True,True,2,False,7.1548,1.0,1.0
4a6b1836f2e1c79f,13a4e12f5aa9ae64,0,True,True,3,False,0.9916,1.0,0.5
124c6c2ae9f04b1e,28e1cad311ef99e7,0,True,True,2,True,1.6182,1.0,0.5
bb40ee02b66ae476,8d4f96e95242b773,1,True,True,3,True,123.6724,3.0,0.6667
7936200b16d1eb64,822cbd31dbbfaf18,0,True,True,2,True,2.0603,1.0,1.0
1a98696a238d035b,d66d3c6ff6dab2a3,2,True,True,4,False,2.1794,1.0,0.3333
1d8ae708f29335ba,30af51315a803f64,0,True,True,2,False,0.452,1.0,1.0
a2695b6e4c306cc7,7490b663a6b4053b,0,True,True,2,True,20.2959,1.0,1.0
77c71059cf1ac7b7,549ab17132f019f3,6,True,True,4,True,16.8582,3.0,1.0
639cfe51eca3091d,ee585932896594bd,0,True,True,3,False,1.5255,1.0,0.3333
75c8a32e03ba3fd2,da6678cb2e718b96,0,True,True,2,True,1.363,2.0,1.0
75c8a32e03ba3fd2,7380b8b8e5022f2b,1,True,True,2,True,2.9249,1.0,1.0
cffb8b85415a78ea,1023c09891bddd87,3,True,True,3,True,0.1468,1.0,0.5
86b308e3256b0bbd,f10815055da4de27,4,True,True,9,True,0.9467,1.0,0.4
c7964434ea9985b1,0bc33a85c6822991,0,True,True,4,False,3.3299,1.0,0.3333
d32110731156587c,709b692be010016b,1,True,True,2,False,2.9741,1.0,1.0
d32110731156587c,069d7e3b26b4b0a4,0,True,True,2,False,0.9018,190.0,1.0
d32110731156587c,ddf45b0e912e6c0e,8,True,True,2,False,0.2509,1.0,0.5
d32110731156587c,0c0128f08cc34b5c,4,True,True,2,False,4.9726,190.0,1.0
d32110731156587c,a9e1063935509cc6,6,True,True,2,False,5.5925,190.0,1.0
d32110731156587c,6f8bea77e9f05f2a,7,True,True,2,False,6.7954,2.0,1.0
d15e8d74855fb155,237627c40782f6fe,0,True,True,4,True,4.2847,1.0,0.6667
962ca3c6f1a1be32,a8710c7fe031667d,0,True,True,4,True,1.0221,5.0,0.6667
1cb89ad5954306d7,013acab47bf7c880,0,True,True,3,False,7.7364,1.0,0.6667
fadccd45f3520d70,9b84ca3633a914e3,1,True,True,5,True,2.4562,1.0,0.75
fadccd45f3520d70,3b4ad657e12170c6,3,True,True,5,True,2.4562,1.0,0.5
b71c3ad2ba42b00c,17cf0347eea1ab12,1,True,True,3,True,20.6737,1.0,0.6667
32867fa8f3d4bafd,6df7e06287441f8b,2,True,True,3,False,16.9928,1.0,0.6667
234d89c7d1e47fa1,bd4297ebecb7f9f8,0,True,True,2,False,22.8327,1.0,0.5
23231cfd0cfbb1af,a8a6a892e3cecb9e,1,True,True,4,True,14.2171,1.0,0.0
d8ae36db5eaeb4eb,2d7e1a9bdfb3f537,-1,False,False,2,True,1226.2593,1.0,1.0
dd1255c015ab4520,3570e8ad956ff87d,10,True,True,4,True,1.7626,1.0,0.0
4e1c580f2ff6ff97,2bd6d347821b7c3a,-1,False,False,5,False,67.4375,1.0,0.4
4d7398e23f1e1c72,beb9dea7648100a6,2,True,True,3,False,4.5628,1.0,0.6667
fc5e4dc32d5abe33,eced4e1c02e08e84,0,True,True,3,False,1.6704,1.0,1.0
36ae5edc6dc6b490,ffb58ce3e3c7e6aa,1,True,True,3,False,7.0155,1.0,0.3333
8eb849114e6aecb8,0ae31a51d5367a85,0,True,True,2,False,2.7649,1.0,1.0
8eb849114e6aecb8,3b36224dd1e09f21,8,True,True,2,False,5.7813,1.0,0.0
5e29032dc789aa42,991e4b4f6486973e,9,True,True,3,True,1.4379,1.0,0.3333
5e29032dc789aa42,0e1dcabb98a63bd0,5,True,True,3,True,1.4335,1.0,0.3333
045d9bf05a48de86,fe9c1ccc50d19a87,1,True,True,5,True,1.7164,1.0,0.3333
1e029b9a81785302,b9f721b4cde88808,0,True,True,4,False,2.4067,1.0,0.3333
4832a3b4e8142f5d,4bbe8ab28c00c072,4,True,True,4,True,3.057,1.0,0.3333
ee57f5aa50c4b27b,16d78d63ca212d92,0,True,True,3,True,1.4053,1.0,0.6667
782b6b0535a4fdfe,9ac224c28e695aca,1,True,True,5,False,0.8674,32.0,0.0
8d2037078d47137d,add7a29d54e54fdd,2,True,True,3,True,7.3795,1.0,0.6667
0079fdf71dc647d2,9785f5a269cd53ed,0,True,True,3,False,3.5739,1.0,1.0
ff9a818ce39c550a,8e5528fded2e1bb2,0,True,True,3,False,1.8653,1.0,0.3333
9a3289d91bda3327,b15368725d6ba42c,0,True,True,3,True,0.9585,1.0,0.5
dd8ed872afb3ba82,9e3ad70611950ce6,0,True,True,3,True,0.2766,1.0,1.0
cc1721cd5f32486b,89c7e7a00b7b4b08,1,True,True,2,False,1.0654,1.0,1.0
28457bc637c84fa6,e31edc9c48a83272,0,True,True,3,False,3.4486,1.0,0.6667
0ca28705550f2379,db90e6a436911f6b,-1,False,False,3,False,19.4828,45.0,0.0
a25e2616b761effb,37ad4998beef4b8a,1,True,True,4,True,7.0132,1.0,0.3333
a25e2616b761effb,3826c3519a5267d0,2,True,True,4,True,2.2275,1.0,0.6667
30e444e5ff9f209b,28e1611dbab4ed06,0,True,True,3,True,1.981,1.0,1.0
67a7a0923ced6063,4aeb16f1f30da2f5,3,True,True,3,True,7.9393,1.0,0.6667
ad97eb435774e79d,5de0565b9a181cf2,2,True,True,3,True,5.837,1.0,1.0
ad97eb435774e79d,24ed5db69d7a5dfd,1,True,True,3,True,3.1947,1.0,1.0
85b8bfb14deb5cde,39a02b95f04d578a,0,True,True,3,False,11.7075,1.0,1.0
fd155f791ee702e0,1bd45c3f00db58c3,4,True,True,3,False,3.2186,1.0,1.0
35a595fcae3bb263,f37d4cd943ced7c0,0,True,True,3,True,5.2156,1.0,0.6667
25ad7c9bd732f5a9,652bfca210135b91,9,True,True,3,False,6.2936,4.0,1.0
669cca1182b363fc,b10836daa6ecdb8a,0,True,True,3,True,8.9796,11.0,1.0
cf756870613c0ee9,cbca9a449b141601,-1,False,False,3,True,1.2303,1.0,0.0
9b7f16196d47a8bf,188f79b7ac4ea20e,9,True,True,4,True,4.6352,3.0,0.0
fc4d7112fa0436ab,57ef7ef6bf0cfe9a,0,True,True,2,True,4.2026,4.0,1.0
020d429b316ef491,01c17faa949fa116,2,True,True,5,False,8.4267,3.0,0.25
99f5592abeb7c120,34135a2b94056eb3,0,True,True,3,True,4.5286,8.0,1.0
88845dd46789fed9,3085736e7180c5cd,0,True,True,3,True,13.5864,1.0,0.6667
68ecc9ecff5b713d,c9e353b0948bc6c5,0,True,True,3,True,3.6474,1.0,0.6667
7cc8153a321cab27,8ec97410b6c31951,0,True,True,4,False,27.9988,1.0,1.0
09ce1793c5c4ef49,6d79e39fa05b7e50,0,True,True,2,False,4.4129,77.0,1.0
2eb9d3ec03f61372,4154e70f2b17af42,47,True,True,6,True,0.7045,1.0,0.0
8f46afec09a739d5,38f07bfd2323d5f6,50,False,True,3,False,0.1468,9.0,1.0
e677b2ed767f279f,62d0b4f77c821681,18,True,True,5,False,1.6683,52.0,0.75
c41bb4f8ccac5f90,d00e464d22ed2fc3,1,True,True,3,True,0.3081,2.0,0.5
c2f9be244b36e9cf,3dd4e290580c12dc,7,True,True,7,True,6.8491,1.0,0.0
c2f9be244b36e9cf,6a03eb3dcf6b4b37,3,True,True,7,True,7.1383,1.0,0.1429
a9e741f413f47180,90f8326a5e9b6ea9,0,True,True,5,False,0.7705,19.0,1.0
676171533686f6b0,56cb34dcc348a0e7,5,True,True,3,True,6.7958,1.0,0.0
c0f4e7fc869aa9ad,496d82650378f827,0,True,True,5,True,2.6553,12.0,0.0
e002eeeab4b9a594,6b642e67d63eb667,0,True,True,4,False,3.425,8.0,0.6667
5ecd60aab0e68b38,d1496d150207c882,1,True,True,4,False,4.2884,1.0,0.3333
fb68686a0a9e1d99,13de1af5f5d99b37,48,True,True,4,True,4.3833,1.0,0.3333
14167feeccf7752d,8a00bc0502586506,2,True,True,3,False,3.2297,1.0,0.3333
32e9ca170cb98098,43815b6970aa06f3,45,True,True,5,True,1192.2113,6.0,0.5
3c83500d58930eca,29dc432c8e63f443,0,True,True,3,True,2.5051,1.0,0.5
569cdc1d046655b9,8741e75ec6fff16f,7,True,True,4,True,5.6254,1.0,0.6667
569cdc1d046655b9,8486aafbdb97ee83,1,True,True,4,True,2.9994,26.0,1.0
569cdc1d046655b9,8210c25fe6c36166,0,True,True,4,True,1.3845,69.0,1.0
350ed7c3b0cf9482,2a45579ad4aa086f,3,True,True,4,False,6.8813,29.0,0.6667
09ce84c2baba9420,e1408fda43a29d5f,2,True,True,3,False,1.9487,1.0,0.5
70c69018516c3875,18d5533fc097fa94,43,True,True,2,False,989.4229,1.0,1.0
3d0bd7c9c0c31d57,7ab0dcb96d860205,10,True,True,2,False,9.5798,2.0,0.5
12e0de2d89f9de0b,ae384d2a4da982da,156,False,True,3,True,64.8357,2.0,0.6667
568f4e5875631bf8,84ef29464dc54775,23,True,True,3,True,1.1277,1.0,0.0
6390ae855f592dfc,adba2a2fd1cfd542,3,True,True,4,True,49.4444,3.0,0.6667
06018016e2d1da9b,b8cf2f37a2bfdecd,34,True,True,4,False,15.8523,2.0,0.3333
1be4df9ea6e8ec0c,dacd4eb8d1a5ad18,1,True,True,3,True,7.5987,1.0,0.3333
da22995f164c77c4,fc815ff57b983f5a,1,True,True,3,False,2.8727,102.0,1.0
8b02939b4046cf8c,c6824ec45ba98a30,0,True,True,4,True,1.2362,2.0,0.3333
22c989efaec485f9,cc4d7ac841cb5e70,0,True,True,4,True,0.959,6.0,0.3333
64c081664118ec9a,c5d111c8f59f2fe4,2,True,True,4,True,3.8695,1.0,0.0
ee9eefae06d27506,e7f1f611d94451e7,-1,False,False,1,False,4.2019,18.0,0.0
6d854e062bfbfe71,c733be00294fa47b,3,True,True,5,True,0.9688,1.0,0.0
1298cfd55b951f36,23fdad1ba5c90d2c,0,True,True,3,True,1.772,1.0,0.6667
ff631af04e753cfb,b0b4f8344d656817,5,True,True,3,False,2.1517,1.0,0.5
ff631af04e753cfb,b38c75efbb4091c1,0,True,True,3,False,9.364,1.0,1.0
ff631af04e753cfb,62e5aa2b78808e13,1,True,True,3,False,0.4144,1.0,0.5
ff631af04e753cfb,0300974e3b6ebf61,2,True,True,3,False,4.8257,1.0,0.5
40f044c012abae4a,ffb1248aea705385,8,True,True,3,False,9.4317,3.0,0.6667
40f044c012abae4a,b0b102c952d40926,1,True,True,3,False,0.1468,1.0,1.0
064f47c2c9b4ae20,11c991a0ad8599e3,3,True,True,1,True,39.7245,1.0,1.0
9deb5723d6d68b1f,9226f23374e5b067,1,True,True,4,False,1.9946,7.0,0.3333
fc8a9778cd09a62c,b20d61f9efa4d850,4,True,True,3,True,1.4241,1.0,0.3333
fbf3db7356f049b0,655f40665b76d772,2,True,True,3,False,1.851,14.0,0.5
4a7bce585b3c048b,28ecac18048d61bc,0,True,True,4,True,36.4841,1.0,0.3333
1dafaa0a230f75cd,c28dc5172442e00e,0,True,True,3,False,2.1794,1.0,1.0
67cc2c004abc957f,d2c8dfd1427477c4,0,True,True,3,True,8.0823,1.0,1.0
4f47974e6e31f2aa,99c34fa366da7e8b,0,True,True,2,True,3.3359,1.0,1.0
60b8e2439c846a9c,34cc7aa22ada5192,1,True,True,5,True,4.7104,2.0,0.6667
60b8e2439c846a9c,7cb0eac889f7d906,7,True,True,5,True,0.9654,1.0,0.3333
a3f5bb80e2e6aa29,06940e7cc8a8f721,4,True,True,4,True,0.314,1.0,0.3333
611786f15b6e92b2,58cf3be667a2a412,3,True,True,4,True,10.015,4.0,0.25
e8cc2836d6b42df7,4843f5b8a07cc028,0,True,True,3,False,6.2544,1.0,1.0
bada5b82d63cc0c6,19e21c442d237398,0,True,True,3,False,2.4062,1.0,0.3333
b7dec5ffb394fff2,c74e7c7731d8d9e5,0,True,True,2,True,5.8993,19.0,0.0
9298c4b1fac6f57a,138800771019ceb0,2,True,True,2,True,8.9482,18.0,1.0
9298c4b1fac6f57a,98e1db146758bc94,3,True,True,2,True,10.346,4.0,1.0
9298c4b1fac6f57a,e85b930d764dab67,1,True,True,2,True,6.2096,4.0,1.0
6794bc52033f8bc8,b8e4eb4ceea425f2,0,True,True,2,True,2.2302,1.0,1.0
b64d0d2c9b677f48,7a9dc0c31e8827b1,1,True,True,1,True,2.5846,1.0,0.0
0fa5d18ff665b1c0,6a52c76980d3d02f,0,True,True,2,False,6.4314,1.0,0.5
776e77b9df071533,730dc9a8f86a62d7,0,True,True,2,True,0.1866,1.0,0.0
047455cb6f5f371c,cd3f7c9821e7d1f3,1,True,True,5,True,1.3251,1.0,1.0
1ed5602550f72a51,794c431774fd893b,1,True,True,3,True,13.4618,1.0,0.5
e9d95ce573fb274c,27c5d6460cecfc57,-1,False,False,2,False,13.7868,275.0,0.0
c08133aaaed77539,a97b5d7f230a5250,1,True,True,4,False,3.5695,97.0,0.6667
65252f259eb9069a,4f7b18949c0e4a1c,2,True,True,4,True,9.0197,1.0,1.0
65252f259eb9069a,3d544887bf0b00b0,4,True,True,4,True,11.4724,1.0,0.3333
65252f259eb9069a,2bb1e0c54c7c4657,0,True,True,4,True,4.5505,4.0,1.0
531cd1c6b0fe23f8,ee6dc9581bd8e9f8,0,True,True,3,True,4.4252,1.0,0.0
39f324e4cdea42ca,5141c80c9cbf7c09,7,True,True,5,False,3.59,1.0,0.2
9be0643e5a0929c5,d081d59c9bab9d83,1,True,True,2,True,0.0003,1.0,1.0
f1ea739df6037b03,0d9339628c7a7fec,1,True,True,3,False,2.246,1.0,0.0
50302d4aafed1acb,f08421f0fa2c8b60,0,True,True,2,True,0.9639,74.0,0.0
424fa94ed5696bc6,c4699a66d7c36f99,0,True,True,4,False,3.2213,1.0,1.0
b9e9ba73d8c9f2cc,39315ed1186e577b,1,True,True,1,True,27.4834,1.0,1.0
c921a739006094fb,6d51767980760dfe,0,True,True,6,True,0.0034,86.0,0.25
7d9cf9139aebe70f,be7f15e788148873,5,True,True,2,False,24.8507,1.0,0.5
e9b040cc1c5e0d55,f5a1d9cc251b58ec,0,True,True,3,True,7.6537,1.0,0.5
845be7d37d506752,a571432e1e5927a3,2,True,True,2,False,0.4577,10.0,1.0
60c982f5aaa52444,bc12860b200ea670,1,True,True,2,False,16.5515,1.0,0.0
60c982f5aaa52444,2ee6c501c717cdf9,3,True,True,2,False,4.9762,1.0,1.0
ee4e435a3ebb74bc,10d987a024e087fc,4,True,True,3,True,7.3093,1.0,0.3333
975daa120651e197,1e4f51c5a15ab252,0,True,True,2,True,0.4401,1.0,0.0
c9d9a69aba09e219,a1cb7c5e88af7d31,45,True,True,5,True,14.4836,2.0,0.0
e0b467ae02f542c2,6f549ae9d42652e0,5,True,True,3,False,0.2126,1.0,0.5
c41775ecc21bceac,d4e210b09144b1dd,3,True,True,3,False,0.2689,1.0,0.3333
62cdc4139e8ba80d,a3e93a4348ec7c8f,7,True,True,4,False,15.614,112.0,0.0
1d800b97eb22deb9,7c534295a66a795d,6,True,True,3,False,3.2546,1.0,0.5
d4909410e179fc04,1022200fc403b5d3,1,True,True,3,True,8.5975,1.0,1.0
d4909410e179fc04,a8a4690d5562b2a2,32,True,True,3,True,8.2369,1.0,0.0
4b6036b9da90e49a,75caa0ed9bdf4183,0,True,True,5,True,0.7046,5.0,0.6667
b083b127bc389ce6,08e107e4b5f4411d,1,True,True,3,False,5.2496,1.0,1.0
b083b127bc389ce6,50361c7d564c53a3,28,True,True,3,False,11.8249,6.0,0.5
b083b127bc389ce6,5b350ab6ec549a9e,2,True,True,3,False,1.0907,2.0,1.0
b083b127bc389ce6,b91c6d36764b04b6,13,True,True,3,False,15.0522,1.0,0.5
b083b127bc389ce6,1f1225f49a9348d9,18,True,True,3,False,5.3415,2.0,1.0
b083b127bc389ce6,038ade4922648c34,58,False,True,3,False,3.6418,272.0,0.5
b083b127bc389ce6,cc1bb8b58cafd439,17,True,True,3,False,9.6414,8.0,1.0
b083b127bc389ce6,51ec03e7a3dbed5c,88,False,True,3,False,1.1255,550.0,0.5
b083b127bc389ce6,b53fb1fe42ad242e,3,True,True,3,False,8.1174,32.0,1.0
a7e0b5942d2a448d,773501270537aad7,0,True,True,4,True,1.2179,1.0,0.6667
983bd2d466afc7c0,ddb0ac8414c9934f,2,True,True,3,False,14.7774,1.0,1.0
e4099b644936a341,c76a0cce8d01948f,0,True,True,2,False,6.7512,1.0,0.5
a31d23bcee9f0f8c,c7d99b498e96ec64,1,True,True,4,False,10.015,1.0,0.75
a31d23bcee9f0f8c,629e003a19031a8d,-1,False,False,4,False,4154.8196,1.0,0.0
920a20888ab76466,008e3235abf99ac7,1,True,True,2,False,3.0129,229.0,1.0
cba69ab6d823af14,cbb0963dddb24db9,2,True,True,2,True,8.9101,1.0,1.0
d9e756335075fdbe,e936ef9993992a20,22,True,True,1,False,4.6133,8.0,1.0
d9e756335075fdbe,572de97c19257f8a,11,True,True,1,False,6.2463,288.0,1.0
d9e756335075fdbe,641c57a63a4e8d05,23,True,True,1,False,8.4441,4.0,1.0
d9e756335075fdbe,786b5bb51a831482,28,True,True,1,False,0.806,10.0,1.0
d9e756335075fdbe,b071569d28f67e6d,21,True,True,1,False,5.8049,288.0,1.0
d9e756335075fdbe,bce1119bc2cc8e32,43,True,True,1,False,22.7878,1.0,1.0
d9e756335075fdbe,7e99ec5eb2aee688,39,True,True,1,False,22.9618,288.0,1.0
d9e756335075fdbe,f005a5518fdb5c05,38,True,True,1,False,10.1418,1.0,1.0
d9e756335075fdbe,7411d23669ed0b94,4,True,True,1,False,9.6996,1.0,1.0
d9e756335075fdbe,fc6e8b71e7034aee,45,True,True,1,False,3.9772,1.0,0.0
d9e756335075fdbe,2f41041088419e9d,2,True,True,1,False,0.0468,1.0,1.0
d9e756335075fdbe,a13c32568ab31fef,12,True,True,1,False,7.8732,288.0,1.0
d9e756335075fdbe,cf60f6bad4343441,1,True,True,1,False,0.0002,17.0,1.0
d9e756335075fdbe,e0c0f77564c07861,6,True,True,1,False,0.0002,14.0,1.0
d9e756335075fdbe,4c7c0bf63aa4e628,7,True,True,1,False,4.8488,1.0,1.0
d9e756335075fdbe,8cc5dc202e6fa1c7,9,True,True,1,False,8.965,288.0,1.0
d9e756335075fdbe,2deb758e4b8b82e3,26,True,True,1,False,3.0444,62.0,1.0
d9e756335075fdbe,0b3568a24a2cd229,30,True,True,1,False,7.88,149.0,1.0
d9e756335075fdbe,f103e69574046946,37,True,True,1,False,8.6959,3.0,1.0
d9e756335075fdbe,24720556133589b3,16,True,True,1,False,0.6303,24.0,1.0
d9e756335075fdbe,7ac18d5d90ae73fc,5,True,True,1,False,3.6779,1.0,1.0
d9e756335075fdbe,139f7d954913ed6a,34,True,True,1,False,5.5261,2.0,1.0
d9e756335075fdbe,8b7695c8e50693c0,27,True,True,1,False,3.6779,1.0,1.0
d9e756335075fdbe,c5c76298975f82c7,8,True,True,1,False,0.1022,1.0,1.0
d9e756335075fdbe,efdf233ddfd590ff,36,True,True,1,False,3.8871,1.0,1.0
7342c9581864874a,b640138b25ab6822,0,True,True,4,True,0.8156,1.0,1.0
dd37975f8f66bf61,b9f657a1d8dba488,0,True,True,2,True,1.4025,1.0,0.0
23c108408182111d,9d326fec513600da,0,True,True,4,False,0.166,7.0,1.0
60c193862d0fffc9,1b1503676f3f5ab5,0,True,True,5,True,0.1182,1.0,0.6667
356062fb5cb9fc8c,acba1e85c56b20ff,-1,False,False,3,True,64.2226,2.0,0.0
ecb3857fd12c2d35,3c256d106390b85d,0,True,True,2,True,2.9168,1.0,1.0
ecb3857fd12c2d35,1d88f448c13291a2,4,True,True,2,True,5.5403,1.0,1.0
ecb3857fd12c2d35,0b807213ef805032,7,True,True,2,True,5.8947,1.0,1.0
07ee49debde81e6b,7054600249f1e3ff,8,True,True,5,True,13.7424,1.0,0.5
457fd8ff61a1c5c3,69ce4bba408eb934,0,True,True,5,True,9.5334,1.0,0.5
4de05552b89bb1ef,2cc6f9f5723991cf,0,True,True,2,True,2.6237,1.0,1.0
bca13aaf6e88f1f7,3c163849694f3b3a,0,True,True,4,False,2.9003,1.0,0.6667
876f39d2eeb329d2,dd15e6a7be4db689,0,True,True,2,True,0.2343,1.0,1.0
876f39d2eeb329d2,5308c7494df47b51,10,True,True,2,True,0.2932,1.0,0.0
876f39d2eeb329d2,d8ee689de7ac44f0,8,True,True,2,True,0.8723,1.0,1.0
d056b2de1a58ec79,45c75edbff9c5be0,1,True,True,4,True,0.1468,1.0,0.3333
d056b2de1a58ec79,47d0603827c58ff6,3,True,True,4,True,0.1468,1.0,0.6667
ecfcda1162933df8,7b18b984340725a9,0,True,True,2,True,1.6037,1.0,0.5
e052def6441e8768,cd48d6f69469931f,0,True,True,4,True,5.1983,1.0,0.3333
959f2d0b90bc9187,79a3eecde0bc9749,1,True,True,2,False,0.4466,29.0,1.0
959f2d0b90bc9187,d93bfd77ed39ebc3,0,True,True,2,False,1.0669,1.0,1.0
b207e1d78dfd5c3c,0829f84afa0a3834,0,True,True,1,True,0.031,69.0,1.0
c3369a6787270563,983ab2c38759d50b,1,True,True,3,False,24.2329,17.0,1.0
60de9e18f0f3d357,3c16ca23de67782c,1,True,True,2,True,2.9219,1.0,1.0
d05b84bf0b03ee45,280a226fefffa2ea,2,True,True,3,False,2.721,1.0,0.5
d7517310e2d231a9,28e82f00ea07200a,0,True,True,2,False,2.4491,21.0,0.5
a2906405c8aa743f,8882634c513b342c,2,True,True,3,False,0.1806,1.0,0.5
20a639f3086f7f30,20a41d968f2bcbd9,12,True,True,3,True,4.7011,1.0,0.0
20a639f3086f7f30,ef132c58ba6c3b4a,1,True,True,3,True,3.0338,3.0,0.6667
97ae6f15edb909de,353d813d217b21f8,2,True,True,5,True,3.0158,1.0,0.25
22e924cfd61d91ac,0bc96a9737fc3a77,19,True,True,3,True,1.1124,1.0,1.0
22e924cfd61d91ac,53afe4f0390a7e86,2,True,True,3,True,0.1468,16.0,1.0
77abe5e1dfff6851,d79cf47b43f66b9a,0,True,True,2,True,12.6356,13.0,1.0
22f091eaead18eb0,aaf9da54d3594c5e,2,True,True,2,True,2.6757,28.0,1.0
22f091eaead18eb0,6dc2263888614189,1,True,True,2,True,0.0027,12.0,1.0
dcf61e0acebd2be7,3d2388ff620875b2,-1,False,False,2,True,0.0032,1.0,0.0
95dd0b1f7e377aa6,6912c48d5da9d537,0,True,True,2,True,0.5022,15.0,1.0
2a887d7d470973d6,0e66a680aeab2298,16,True,True,2,True,2.8589,1.0,0.5
2a887d7d470973d6,48c1e7e2b9752af8,0,True,True,2,True,1.0573,23.0,0.5
3754cdcc0f80f3d0,871c1e61b524c75f,0,True,True,4,True,0.1866,1.0,0.6667
69d11e5f7651b261,4fbd5150a630102b,19,True,True,3,True,6.4604,1.0,0.3333
348f963122e0f920,76d4483a44004ed2,5,True,True,6,False,59.9267,1.0,0.0
cf3c9e134664fe44,b63d5ec14fca4c5e,0,True,True,2,True,2.9717,25.0,1.0
09ac89169dfb5487,14f386907bf9f9bd,0,True,True,5,True,6.2935,3.0,1.0
f71d852b21e0e6c6,f73f2de4f9ed0609,-1,False,False,3,False,29.0036,13.0,1.0
d1872fcf1dae01a4,48f9cd74dfdc7bf4,9,True,True,6,False,14.3755,2.0,0.5
63827798f818cb17,2d51376ef1ef77e5,0,True,True,5,True,8.1932,7.0,0.8
66bf32231b00fb6a,2792f86ad62da4bb,0,True,True,2,True,5.2861,7.0,1.0
cd774630e09df561,f8da505ea7ec5c7f,0,True,True,2,False,0.0032,18.0,0.0
f896f72b9f8c9223,b8ab85fb61b85c15,1,True,True,2,False,8.7118,23.0,1.0
f896f72b9f8c9223,939fb08c3445c9c4,2,True,True,2,False,1.9213,37.0,1.0
f896f72b9f8c9223,6858fe6e150cb232,4,True,True,2,False,4.5974,15.0,1.0
cf49772d613aedb1,e8766154856e7104,3,True,True,2,False,18.8023,1.0,1.0
446c54b1ba052d76,e496f6bfd34b05cb,0,True,True,4,False,0.9633,1.0,0.5
ba919b3b9f6afe44,63acc2668202b09e,1,True,True,3,True,1.9482,455.0,0.6667
f1916439b156d8de,04d8153c5d8403fe,0,True,True,7,True,9.2243,1.0,1.0
b1cbf722cef45051,fd1d0130af23e75a,6,True,True,4,True,6.3343,1.0,0.5
ef83faf152f6ed0d,7102782a29cce34e,0,True,True,5,True,15.722,9.0,0.5
6bc8c005d6d83e30,c3b42c8f4c93ea3d,1,True,True,3,False,7.0233,149.0,0.3333
6e807b9a6546155e,f45546bc3de437d6,-1,False,False,4,True,222.0308,4.0,0.3333
6e807b9a6546155e,429afcfe941984b3,1,True,True,4,True,1.423,1.0,0.6667
44fbf59a5f797715,6336009ebdbfd180,0,True,True,2,True,0.535,3.0,0.5
2051395d4bc0fa58,3742494e420f6683,13,True,True,5,True,7.418,22.0,0.3333
622538e3ddd620e4,597d6ec8d3a6ba0a,8,True,True,6,False,3.1026,6.0,0.5
5c1d81185e97f1e5,2189af6b82e92d74,0,True,True,3,True,2.1794,3.0,0.6667
67d7f23f6d8871ea,29ccb4de0a19d348,0,True,True,4,True,38.0175,4.0,1.0
30973f08fce0c2d9,375838b95540479b,28,True,True,4,True,13.7583,1.0,0.5
9a5333037e1afd06,918cc1d794f5b694,5,True,True,3,True,2.9164,8.0,0.5
c2b8422af50845a5,cbac34dc95a15fe8,1,True,True,4,True,3.0409,37.0,0.6667
015ef34eb94f69e6,add81c0efa0cd016,-1,False,False,3,True,75.0827,2.0,0.0
4445151958d30814,0beea78af8afb4ed,1,True,True,3,False,0.0001,3.0,1.0
9fca78bd324fad67,1326eea87e364c6a,0,True,True,2,True,2.2433,2.0,1.0
5b34dee6052e6ee6,19b0c4746fc29885,0,True,True,2,True,0.0006,6.0,0.0
fd709bd89de846e6,c1dedd2d43c39d8b,1,True,True,4,True,0.982,1.0,0.0
fd709bd89de846e6,fe722391aebbd1a2,0,True,True,4,True,0.6119,1.0,0.3333
f6f55c9ba825ecc9,22b978a0fab07393,3,True,True,3,False,11.8819,18.0,0.0
cd613b9b8a55d09e,594e1bb2b1ff72ce,1,True,True,2,True,9.5621,2.0,1.0
7e92d5344c96a8d2,f6d81fdc5e39cb68,3,True,True,3,True,5.8099,28.0,0.6667
98579773f7625651,dee90e213e389f12,1,True,True,2,True,10.8714,4.0,0.0
92db6e85846a1b74,4ef9c104a351fc08,1,True,True,2,False,0.5478,1.0,0.5
234504d7e4039f55,47277338da193023,0,True,True,2,False,10.015,1.0,0.5
a162703bcc6fb422,363e70edab6fa083,0,True,True,4,True,0.3109,2.0,0.6667
fe941645426b306e,a27c27355cedf93d,1,True,True,4,False,0.0188,3.0,0.5
c2e532f8bed8f93b,6011542dba0e0b27,3,True,True,4,False,2.0769,3.0,0.3333
75cc2b8c6412fa78,02a06aee60b8ebe1,15,True,True,2,True,8.004,1.0,0.0
36d8598336473e7c,c291d347b1a2372b,0,True,True,5,True,0.0002,3.0,0.5
9baa7ed20bc91633,a1840a427370a719,5,True,True,2,True,1.4378,1.0,0.0
171fc7774a16ecc7,6a1332e7f4433bea,9,True,True,4,True,20.6737,2.0,1.0
c1e810b3ee5bd70b,929012ff191f8c5c,0,True,True,1,False,0.0071,8.0,0.0
d442c36a88045e7e,8bf77e84afdc4843,0,True,True,4,True,7.567,6.0,1.0
6bc17442a61bec4a,5ba0351550916ecf,2,True,True,4,True,167.1807,1.0,0.75
3362a6b11a7f2e36,e80396a3e2954ecc,5,True,True,2,True,13.542,1.0,0.5
43ed475e6e5683f9,5ced808a55833c0d,0,True,True,6,True,0.2548,3.0,0.2
abd85af6e011f100,09591e6880647c01,0,True,True,5,True,0.3711,1.0,0.6
3095fd1725d8ee30,1051ce961ccc098e,0,True,True,3,True,4.0483,1.0,0.0
57a4d60e7f210b8f,ec9bc9c66da53014,0,True,True,3,True,0.0648,1.0,0.6667
4a252e6c9ee8d864,e27adb1f9bc7c4d6,0,True,True,4,True,0.7951,2.0,1.0
0cbac3c16f004dbf,127dacb0619b1392,1,True,True,4,True,3.4425,4.0,0.75
74d9913881206efc,7cf83b85f4618f7e,0,True,True,5,True,0.9617,1.0,0.75
e1c1db0e8d5b4d16,0e0e9ea3e88b980b,3,True,True,3,False,22.2213,1.0,0.6667
e1c1db0e8d5b4d16,e254f0140e6e1857,1,True,True,3,False,5.1144,1.0,0.0
bfdd259a4913708f,d97a379863cf99d2,5,True,True,5,True,10.8352,1.0,0.0
11454c384e0ac365,19d29240506c86e9,25,True,True,2,True,67.6631,2.0,1.0
7f583106ddbb9e6c,d2602ffad5d0a20d,10,True,True,4,True,6.9138,1.0,0.3333
50ae7a7f60a0a3aa,7f565fd78ac2ca9a,-1,False,False,2,True,15.0255,1.0,0.0
cb1f70ac52de0832,6a2c74d220906201,10,True,True,5,False,5.7111,1.0,0.25
794708671418f562,e5d3433e3e9798a9,2,True,True,3,False,9.0124,1.0,0.0
d01a588e691d1aad,2682b7eec457c6eb,3,True,True,6,True,4.6291,27.0,0.5
c0651236130dfa8d,2fb44bbc1c3003f7,1,True,True,1,True,2.1351,14.0,1.0
6ff4f9661d417456,5ee414c7c23733ed,20,True,True,3,True,7.3172,1.0,0.0
2eafa9b7ba0e7702,962b1f230ca8461c,0,True,True,2,False,0.4108,1.0,0.5
3530a7bd7137b129,6d36e441b179af80,14,True,True,4,True,141.2723,27.0,0.75
0f5c94a1313d7115,677e87b7e310f5ec,0,True,True,3,True,1.7626,1.0,1.0
3ab3c4e78b0e5e45,2a5f13b91e3e1d02,6,True,True,4,True,3.8343,1.0,1.0
e6ff948511340cdb,d3799ced3f8573ff,3,True,True,4,False,4.3379,1.0,0.6667
4c1372343987d585,45f75e8d385eae8e,2,True,True,3,False,6.4267,11.0,0.0
445c5ffa891ee2d8,e93353983d426937,6,True,True,6,True,4.6097,1.0,0.75
445c5ffa891ee2d8,14a42c60cf341eda,14,True,True,6,True,14.3847,1.0,0.5
2f97b962dcbae2c9,0c1524cb2795ac76,52,False,True,4,True,2.4408,1.0,0.0
2f97b962dcbae2c9,1193a28937b5b850,3,True,True,4,True,5.0799,1.0,0.6667
2f97b962dcbae2c9,cf8806718a6d0bd4,16,True,True,4,True,4.9859,1.0,0.6667
75727fd62bdcd81b,7986ad71c5bef76a,2,True,True,2,True,7.3579,1.0,0.5
e93604719e29ad06,cf97606c15fd888f,17,True,True,3,False,4.581,1.0,1.0
e93604719e29ad06,4c4cdc89534fc683,0,True,True,3,False,2.1602,19.0,1.0
e93604719e29ad06,c9bb27c78fd3efb0,49,True,True,3,False,11.1565,1.0,0.5
e93604719e29ad06,2858578fe98acc8f,7,True,True,3,False,3.5913,2.0,1.0
e93604719e29ad06,da99fddf643559fe,1,True,True,3,False,4.6353,1.0,1.0
900dd8bdb0432973,1f458fea1e3a9091,36,True,True,3,True,339.6164,9.0,0.6667
24d4d080af9e8c2f,2ca040946bdcfad6,0,True,True,3,False,5.2064,1.0,0.6667
2cf04ba50ea23a80,3d9cd54c7462a5b5,0,True,True,3,True,0.3907,1.0,1.0
30a41afcb9d97cf1,de259db2c0b92688,-1,False,False,4,True,192.1059,1.0,0.0
920626f087235bdb,d1ce233177741293,19,True,True,2,True,640.9751,1.0,0.5
ae346ab3ce4d1ac5,3fe57087406b572a,0,True,True,5,True,3.913,1.0,1.0
40575b46c766a5c3,5c556b8d234187c3,1,True,True,3,True,0.7469,1.0,0.0
c2adb2b459fb59ba,c7f52a54a507e555,0,True,True,3,True,0.1028,99.0,0.3333
5a0ead86d30fe8a0,323b1fc966cbc32a,-1,False,False,2,False,0.253,2.0,0.0
613fd62c6e81f28a,b30dc8eaa6f09360,0,True,True,3,True,0.8722,1.0,1.0
d065d5f86d404c31,e357fc228506d2df,0,True,True,4,True,1.8714,2.0,1.0
e898a93d44bf9822,f5f14c6e91904432,0,True,True,3,True,1.2737,1.0,0.3333
e060f0fa3ea36372,f268ef6b9e58188b,28,True,True,4,True,13.93,1.0,1.0
f6124706006a26a0,b438ce0dc849c40f,1,True,True,3,True,4.2482,32.0,0.5
b12f1fd537843769,7427b7bf0f602e7e,1,True,True,3,True,1.1648,28.0,0.3333
242ed42c5e0a0419,df149be05b386f91,1,True,True,3,True,14.3369,1.0,0.3333
096f1fc0b800ee58,64a9fcbb991de292,2,True,True,4,True,0.1468,1.0,0.25
096f1fc0b800ee58,0ff8f8f91997bf83,0,True,True,4,True,20.8575,1.0,1.0
0c511372c5e01571,8c7d642e266df274,77,False,True,6,True,11.1826,1.0,0.4
fcec117a62db0b22,42711dda8f1aee96,1,True,True,2,True,8.1841,1.0,1.0
fcec117a62db0b22,1f4d70f6bc1d37c1,0,True,True,2,True,1.5623,1.0,1.0
0d68d676ca2237fe,aa79a934a72a7aa7,6,True,True,2,True,7.0774,1.0,1.0
0d68d676ca2237fe,7f473a8916c1fc38,2,True,True,2,True,1.4112,1.0,1.0
0d68d676ca2237fe,0324406937531805,0,True,True,2,True,3.7428,24.0,1.0
390360691b7abe87,a5a79a2256fea9fb,74,False,True,2,False,8.1661,315.0,0.5
e372646d4cf95b34,d6491bbddb2f7f41,0,True,True,2,True,0.0379,1.0,1.0
2e13753dee83247a,acbc460cffe3bda3,0,True,True,3,True,5.5131,1.0,0.0
fd98de0291e67734,08c5d088354ffab5,1,True,True,4,False,3.7237,15.0,0.75
623f1052201ade8a,38a07d8e6014ebef,3,True,True,1,True,0.1468,1.0,1.0
623f1052201ade8a,a6f42d4f27a30845,0,True,True,1,True,16.3977,1.0,1.0
4e6e9b885cd8b52a,8fac21d40a2b9a31,0,True,True,3,True,9.9839,1.0,0.0
a4fcc3d3be8f2e2c,b2c068e1ecd56026,0,True,True,2,False,1.3197,7.0,1.0
bcb40b0bd6daf923,45b630607f7b47be,1,True,True,2,True,4.7299,1.0,0.5
ea6c31f429c34937,2abe6b88977387d5,1,True,True,2,True,0.0004,1.0,1.0
ea6c31f429c34937,d82893cf856d5fd4,2,True,True,2,True,3.9738,1.0,1.0
ce4428e1ff0e0dd5,8e841ba69337b6cf,0,True,True,3,True,21.3767,1.0,1.0
b1eed16cb953cb11,b6f9a3e89d203cfa,24,True,True,4,False,17.0972,9.0,0.6667
f18537f4bc3ef2bf,80a3cb5e7bd53bd1,-1,False,False,2,False,13.0146,1.0,0.0
4969740556e7630f,9f32826661ccaaba,0,True,True,3,True,1.6376,1.0,0.5
cf43f6cd6526ed16,950e61088f416fd0,0,True,True,3,False,13.2125,4.0,0.6667
cf43f6cd6526ed16,58df38fffb2635cb,19,True,True,3,False,34.0904,30.0,0.3333
8eb40ee592fbf476,d7b29295e5734e00,0,True,True,4,False,0.5252,11.0,0.75
2916e4631217755d,185aeb14738dfe1c,1,True,True,4,True,13.8186,1.0,0.3333
4c536302f7afcf2b,3b3a8d089327a700,0,True,True,3,True,1.8489,1.0,0.6667
52f25a321b6c5cd5,bdc13ce04d820734,12,True,True,5,False,14.385,4.0,0.25
3a20e5d0d1c0eb20,73264492e8321fb9,0,True,True,2,True,0.4939,1.0,1.0
3a20e5d0d1c0eb20,3a6726802dab9d14,3,True,True,2,True,7.9582,1.0,1.0
9ce3e5261f09626b,326b535560179c74,0,True,True,3,True,0.0001,2.0,0.0
30d052640fb6ad24,d53a46395c66663f,5,True,True,2,True,2.9178,1.0,0.5
30d052640fb6ad24,075a5c0d23e9f3bf,6,True,True,2,True,8.3802,1.0,1.0
30d052640fb6ad24,4c898c987bc429a7,0,True,True,2,True,4.3874,2.0,1.0
30d052640fb6ad24,7711a231aa4a9f93,4,True,True,2,True,9.0428,1.0,1.0
30d052640fb6ad24,9306af342b68e715,3,True,True,2,True,3.8174,54.0,1.0
a57bfbcaba8969dd,f03dab537d7c6327,85,False,True,3,True,14.3835,1.0,0.5
c45da1913bdd54af,1916fe8a544aa5aa,46,True,True,2,False,8.8588,1.0,0.0
c45da1913bdd54af,b91fa2ed4410dee6,47,True,True,2,False,25.0229,1.0,0.5
c45da1913bdd54af,dff2a232db327e51,0,True,True,2,False,3.8988,1.0,1.0
c45da1913bdd54af,be7ce79a29e98d76,-1,False,False,2,False,18.1671,1.0,0.0
c45da1913bdd54af,ecf586c86bd46886,1,True,True,2,False,8.9489,1.0,0.0
3d83d8de8947c2a6,c2fd93513afefc12,2,True,True,3,False,0.7046,3.0,0.5
8107785f3d699d3c,b06f3e9b3c49ba89,0,True,True,3,False,0.3037,1.0,0.5
e1db8b724f4e0bae,87c2cdcd267a95e0,1,True,True,2,True,6.0492,1.0,0.5
0e28202f0b9334f7,17e8669051c4870e,2,True,True,3,True,14.5552,1.0,0.0
39fa0b37db2a1b17,d3c285b1d25f8fff,58,False,True,2,False,12.9009,35.0,0.0
de95c1dc8788f413,7956e14a9b084158,1,True,True,3,False,2.4122,1.0,1.0
1fbd74faf7f5f2c4,3939ff551e5e1af1,3,True,True,3,True,2.6593,1.0,0.0
eb52e91f51b74735,f99e5f3b42c0f587,0,True,True,3,False,16.3151,1.0,1.0
8a9ef4561cf4ff19,00bc8d42d78651d6,3,True,True,2,True,7.2218,1.0,1.0
458f75209f66eb52,b137adf2a7c94a85,2,True,True,1,False,0.0272,1.0,0.0
5215f81464166dbe,924c7cef9818d7ba,0,True,True,2,True,0.1828,1.0,0.5
96ca195d4ea875aa,59d83f7c6bbf4c67,0,True,True,2,False,3.2829,1.0,0.5
075fdcd8f5ae0249,15b38c24ea50a374,1,True,True,4,True,7.6005,27.0,0.25
2ec41467ab4952dc,364db6d71ad30e1a,3,True,True,4,False,0.7634,5.0,0.0
5b6f921994173685,6d4547f4da481df5,0,True,True,7,True,15.0554,1.0,0.8
b3d7a2c4f0446877,70278de02e30174d,1,True,True,2,True,1.3761,1.0,0.0
da11c304bf347661,912c56937df2a908,1,True,True,3,False,1.2484,5.0,0.5
2f12a6c166e78e5f,e973e11410641498,1,True,True,3,False,11.4301,1.0,1.0
b9b8c9fe68590d63,cc86779540edaece,2,True,True,4,True,1.1218,1.0,0.6667
60b06c81fe4f8e0f,2d20c3dd1b2c7c55,10,True,True,4,True,6.1571,1.0,0.3333
4fcd52057f997d63,6145cc34fcda6265,8,True,True,2,False,3.1329,1.0,1.0
4fcd52057f997d63,5c9400f2afd50179,15,True,True,2,False,18.3572,1.0,1.0
4fcd52057f997d63,01d6f341ec9a26c1,0,True,True,2,False,1.8329,1.0,1.0
dbcddcfc2775a755,982f516fbddfc9c1,7,True,True,3,True,1.7088,1.0,1.0
dbcddcfc2775a755,1da5d44529eb5a22,19,True,True,3,True,12.3848,6.0,0.6667
dbcddcfc2775a755,631d914339e42645,14,True,True,3,True,12.1496,22.0,0.6667
dbcddcfc2775a755,a858d8dffc39a4c9,5,True,True,3,True,3.3274,2.0,0.6667
dbcddcfc2775a755,37a2100ab283e521,9,True,True,3,True,9.3785,1.0,1.0
dbcddcfc2775a755,c1a04764d17c8e7e,26,True,True,3,True,2.8953,371.0,0.6667
dbcddcfc2775a755,a83c4ec4559cac76,6,True,True,3,True,2.1525,1.0,0.6667
dbcddcfc2775a755,f2aa2690526b9b03,35,True,True,3,True,12.7112,1.0,0.6667
dbcddcfc2775a755,f39788b6d64e17c1,34,True,True,3,True,2.168,28.0,0.6667
dbcddcfc2775a755,27c6aa2460ace83c,136,False,True,3,True,65.589,1.0,0.6667
dbcddcfc2775a755,84f1bf8f41d66209,8,True,True,3,True,11.0938,36.0,1.0
dbcddcfc2775a755,8a0f61a80566ed04,2,True,True,3,True,3.6272,97.0,1.0
4d2d16ef066a3cfa,9d6abc7d2926768b,3,True,True,3,True,9.0262,1.0,1.0
4d2d16ef066a3cfa,605792fb8623e8b8,4,True,True,3,True,0.1468,1.0,1.0
4d2d16ef066a3cfa,c5f084339025a9c0,0,True,True,3,True,0.1772,4.0,1.0
ab139f467c0f909f,a6e347b40492ebee,0,True,True,2,False,0.7054,1.0,1.0
4839fa1cbb4dc88e,21324ffee30c5495,8,True,True,6,True,0.9414,1.0,0.25
b656cf34fe4cf0c2,ebf997ca636031c9,5,True,True,3,False,7.048,1.0,1.0
b656cf34fe4cf0c2,ec8f210748587ad2,1,True,True,3,False,3.3252,44.0,1.0
b3149ce9314e9640,b0411e0ba4fa8770,0,True,True,3,True,0.3704,37.0,1.0
494b25c2489e4e87,1d4c2d3bddb51437,0,True,True,2,False,0.535,1.0,1.0
cba5c3929aac1f28,d5421516f6259578,0,True,True,5,True,10.6377,1.0,0.25
0b3cd42d2bedaf7b,404bd3bce97679f7,3,True,True,2,False,12.2539,2.0,1.0
0b3cd42d2bedaf7b,f9be99ba88ab15fb,0,True,True,2,False,4.531,1.0,1.0
0b3cd42d2bedaf7b,65e083026da89e30,1,True,True,2,False,3.6069,43.0,1.0
0b3cd42d2bedaf7b,68249746fd12fd23,2,True,True,2,False,3.4907,13.0,1.0
0b3cd42d2bedaf7b,ba47bd92e65d2f6a,6,True,True,2,False,7.1916,1.0,1.0
0b3cd42d2bedaf7b,f5694cf0bebb2d15,10,True,True,2,False,11.7588,1.0,0.0
0b3cd42d2bedaf7b,63732b242cc431a1,4,True,True,2,False,4.6965,1.0,1.0
24b2aecb4398b32b,3866ee331162e06d,134,False,True,3,True,5.1862,1.0,0.0
1c9bf907c9abdb5f,404514f7f9c5176d,0,True,True,3,False,1.2909,9.0,0.0
5a267fdb31a40029,08b81af5218caef7,2,True,True,2,False,0.7315,14.0,1.0
5a267fdb31a40029,8fa96ef7253721d3,0,True,True,2,False,0.4319,6.0,1.0
5a267fdb31a40029,c430ae34038db449,4,True,True,2,False,5.1338,2.0,1.0
9c9a11eeeb3fc62d,870fbaf25194153a,1,True,True,2,False,1.5831,28.0,0.5
350197f2f8d4b838,ea938d3d154bfa05,0,True,True,2,False,4.6956,2.0,1.0
350197f2f8d4b838,08b7ef538afd9a93,1,True,True,2,False,5.7327,1.0,1.0
9c2ed091d3b7aca0,22dacb57ae1f2634,3,True,True,2,True,11.1558,4.0,0.0
9c2ed091d3b7aca0,0771e8d65975952d,0,True,True,2,True,6.517,4.0,0.0
f68fb99d6a0e1f4b,a900e3f4847a75d8,6,True,True,5,True,0.2148,2.0,0.5
e044bad9a5964a1a,15b4465cc1994038,0,True,True,4,True,1.7856,2.0,0.6667
f490b1abf4c5c054,67174804aa5e984b,3,True,True,3,False,3326.756,1.0,1.0
630270e2b7ac9b43,34c0b3c547fcb304,0,True,True,1,False,0.1551,1.0,0.0
04e7e20f2ae124bf,e792fe88c46bb608,2,True,True,3,False,3.6133,1.0,0.6667
e49c573d932773d9,637f7126cc4d5b7a,3,True,True,2,True,7.8642,1.0,0.5
65dfa8a7a529f291,1867b23a35fe0875,0,True,True,5,True,0.839,4.0,0.75
0c8b64e68cbc9c31,dcaf4ea5f0a3f364,6,True,True,2,False,3.2833,1.0,0.0
7430b3f3b5f9f7d4,5d5abd73b302d627,4,True,True,4,True,2.0789,1.0,0.6667
9c6b88ef42284cf6,a4ade6cd58c227e9,4,True,True,2,True,1.186,1.0,0.0
9c6b88ef42284cf6,6a45cc7d109567f4,2,True,True,2,True,4.7544,1.0,1.0
c0a986507410e05b,da105bd513e2de22,0,True,True,1,True,3.1751,128.0,1.0
2bcd0c3df25b9350,1cea98a47121c5f9,2,True,True,5,True,6.5917,111.0,1.0
ddef23f37b0ba41f,a7a6ab787cefbf4b,0,True,True,5,True,2.291,1.0,1.0
ed2423249e9f7bbc,c7c491f2187a4645,0,True,True,5,False,0.0,1.0,0.75
39c89c826d19f510,5813e78aacd24258,0,True,True,4,True,2.5609,1.0,0.6667
909fe0388a62b3d5,7fc319d0580b148e,1,True,True,4,False,2.3932,1.0,0.25
f1c49371a55c3f96,fcfc131924deaab4,0,True,True,2,True,3.4086,1.0,0.5
1ffaa5b043290523,498bb60118922cb6,2,True,True,1,False,1.3356,1.0,1.0
7dbc40412e5c6995,f7789b32a055e805,3,True,True,2,True,0.5656,1.0,0.0
eea91208c4ab8f46,7d0d68211a4420f9,6,True,True,6,True,0.1214,4.0,0.0
9abe4e5e3ef70a33,61ee78ff8817a82c,0,True,True,2,True,2.7758,93.0,1.0
9abe4e5e3ef70a33,fb7705d0be08b871,2,True,True,2,True,3.4804,2.0,1.0
9abe4e5e3ef70a33,1198f97a558ce855,1,True,True,2,True,1.7714,1.0,1.0
9abe4e5e3ef70a33,c7ff00acb2e6d092,3,True,True,2,True,2.8023,1.0,1.0
1915937f6767b01d,71759c7603277745,1,True,True,2,True,7.5807,1.0,1.0
ab72c0f23feb7844,70c0b7f17c242977,15,True,True,6,True,8.5574,18.0,0.5
99f9bffed3c1425f,9310c55e88eca186,0,True,True,7,True,0.535,1.0,1.0
a787fd97a2ac1589,bcf683075715cb33,42,True,True,2,True,14.7694,1.0,0.5
6bd2bec0f93ea43f,8552d9f3a62212ea,0,True,True,4,False,0.3248,1.0,0.6667
4ce8922dc1bf0da7,31e394e640ef015e,-1,False,False,2,False,394.3859,14.0,0.0
4ce8922dc1bf0da7,4f14b9e4ff671e89,-1,False,False,2,False,844.0593,1.0,0.0
e59cead0c6ddb38d,89cb5525235b74ec,2,True,True,3,True,0.4017,2.0,0.3333
fca8a744ab00ef86,7035968bdb43a26f,0,True,True,2,True,0.0,1.0,1.0
0f76b74dc85ed654,4eaf7790fc977a7a,0,True,True,3,True,4.395,1.0,1.0
d8c62ffe18ae8724,bf275aeffb0f7480,2,True,True,2,False,32.6329,88.0,0.0
bd067b5bd1a3ce29,123ac4d17c013b5a,5,True,True,1,True,12.3904,1.0,0.0
56249fc4ab29093a,e1805b8afaae85ad,1,True,True,4,True,1.3825,1.0,0.3333
ddc433001bfa7e66,800a131dcbbe9f75,1,True,True,3,True,1.0919,10.0,1.0
2b02fe8d6b60d383,bde81302c92a491b,3,True,True,5,True,9.7616,1.0,0.5
2b02fe8d6b60d383,0cc294dd4397cbce,0,True,True,5,True,1.1803,2.0,1.0
d38ed7b4e6d3b0a9,419f745fe961079a,13,True,True,3,True,6.178,1.0,0.0
05ada48ed023ddeb,3ef765a9afc9a982,3,True,True,3,False,5.0536,12.0,0.5
20a6dc06f5a3726b,6a4d18a6553847bd,2,True,True,4,True,3.7559,34.0,0.3333
3f09af0b179b4f7d,033b75b1eee8ac23,0,True,True,3,True,0.3364,28.0,0.3333
3f09af0b179b4f7d,3f0c623c30464902,2,True,True,3,True,3.6497,1.0,0.3333
75d18123b68ca047,342d4fae5ba2b755,-1,False,False,3,False,1.1577,7.0,0.0
4b70580d631b2844,bc3918137733cba4,18,True,True,2,True,3.2696,6.0,0.5
fb137b9739d9d888,cbf4a7ef2025c0c8,0,True,True,4,False,3.2675,1.0,0.3333
ff25c14d5547ca23,3d3ce07e9cf914b0,4,True,True,4,True,2.1794,3.0,0.3333
ff25c14d5547ca23,a4d48c2bcc04efa8,0,True,True,4,True,1.5197,1.0,1.0
da5e3c6cb393186b,a3f9e9750a340212,0,True,True,3,True,1.044,1.0,0.0
8a8fe3f58962d1b8,941ba42a651399b5,0,True,True,4,False,9.0879,1.0,1.0
a2ad01411ca7442f,cdd627e1a84e4edb,0,True,True,1,True,0.0,1.0,1.0
014116563c99b700,be9370a8c46cad9e,0,True,True,4,True,0.8932,1.0,0.6667
3d33193f1700bb46,69f70d0ec2d91f39,3,True,True,2,True,9.7877,1.0,0.5
07a04fe25412263b,14ec3192f6209458,3,True,True,6,True,9.6543,1.0,1.0
07a04fe25412263b,5551dfe782888f10,6,True,True,6,True,8.327,99.0,0.6
07a04fe25412263b,f1876b4a70356c33,1,True,True,6,True,13.1014,9.0,1.0
07a04fe25412263b,d20d338fee1b260f,5,True,True,6,True,4.8259,99.0,0.6
109e237e86b81eef,f640105e08b0b27f,1,True,True,2,True,4.1458,1.0,0.0
86638c8ea4700e38,f7efd5acab4225e7,3,True,True,3,False,1.5542,2.0,0.5
86638c8ea4700e38,911b85aef57b162e,25,True,True,3,False,169.9066,1.0,0.5
497c681cca714076,890810aab9944d22,0,True,True,4,True,4.8417,1.0,1.0
f809e94f76fdce57,effb5283f2201369,0,True,True,4,False,5.1988,1.0,1.0
869b10c01d703eb0,377346cfa62c28ca,1,True,True,2,True,0.0389,1.0,0.5
a37e3b62e5ec8242,e4975a1ed860f078,0,True,True,2,True,4.834,6.0,1.0
a37e3b62e5ec8242,51186ac061d11e00,1,True,True,2,True,1.7763,7.0,1.0
6a4a9bcb444fdd07,66b7471436304de2,1,True,True,2,False,7.2863,1.0,1.0
6a4a9bcb444fdd07,a3928400185c6e5c,0,True,True,2,False,9.4681,3.0,1.0
4b83fe21626f5666,2a7093ed97cb8e82,0,True,True,2,False,13.8467,1.0,1.0
ca95af04b8508664,750d55761d27c7b5,1,True,True,5,True,0.1468,1.0,0.25
4b4b42a9253949d3,f66c5f03002e0b69,21,True,True,4,False,14.1564,3.0,0.5
716e1c69cba03e63,4bfde6e0c599a87a,0,True,True,3,True,640.9751,1.0,0.6667
3bca7b1845ec172f,f1b274c7590e884f,0,True,True,4,True,6.1955,1.0,0.75
7acc9b626efe32bf,0f98b466b41069f1,0,True,True,4,True,0.0001,2.0,0.6667
b34620a0d6536f1a,f560c6af0776353d,3,True,True,2,True,5.3526,155.0,1.0
2c8b32dfd4954c4a,824272f6e3c3e7cc,5,True,True,4,True,1.9609,1.0,0.3333
107925a2d499b226,3e0153ee5078cf11,1,True,True,1,True,0.1732,1.0,1.0
8807ef51a6c3337d,75758a4e7d0a8bef,0,True,True,1,True,5.8075,1.0,0.0
445d278442960f17,16204861a9b05c94,0,True,True,4,False,8.0701,44.0,0.3333
df5a43ce64f411ac,05881de7d3a19882,5,True,True,2,False,1.2946,3.0,0.0
aec15f7de2740eab,c2cc4775330b42dd,9,True,True,2,False,3.8919,5.0,1.0
aec15f7de2740eab,b40cd0d8205becae,2,True,True,2,False,7.6162,3.0,1.0
aec15f7de2740eab,c5f9b6ec67717071,5,True,True,2,False,5.206,229.0,1.0
aec15f7de2740eab,1eec6e97ea7e876a,0,True,True,2,False,1.1508,1.0,1.0
aec15f7de2740eab,533c97647813aad1,4,True,True,2,False,1.194,1.0,0.5
aec15f7de2740eab,a5b565553b2b9af9,3,True,True,2,False,7.981,1.0,1.0
78f19f4d3034224e,de7b441253fa4bce,0,True,True,3,True,14.6583,1.0,0.6667
4aa08241c2379b25,1ca476fdd0230d11,0,True,True,3,False,2.5019,60.0,1.0
3bcef4d6100450f8,d03182fc392fd058,0,True,True,2,True,6.42,1.0,1.0
934d242a2f6ca08e,dee7ac0e93c59421,0,True,True,3,True,0.0002,1.0,0.5
c15277be342d7a60,ee7db8e13f5b65a7,0,True,True,2,False,2.0681,1.0,0.5
39519ebd94b0f704,8088e093fec26453,4,True,True,2,False,7.9989,1.0,0.0
504947a2029b5f49,de4d0b57f273af20,1,True,True,5,True,5.1039,36.0,1.0
56ddd5b3f6c998fc,87244c773f7271b2,4,True,True,5,True,0.6393,1.0,0.3333
500deb33f95e4e70,2ac8e42638fba29c,1,True,True,4,True,6.1761,28.0,0.6667
6722bf2cec1384b8,e5f3aef1c9ac2495,0,True,True,3,False,5.4907,15.0,0.0
fcb9215afe2f5581,4a4debfd5d6f5bbc,0,True,True,2,True,2.3242,33.0,0.5
f37a4a95d30d2bef,29a4edf7ab44fcd7,4,True,True,1,True,10.5053,1.0,0.0
739a09300a2eadda,3358ba8e9979e901,27,True,True,4,False,2916.6295,2.0,0.3333
498a041eb07c526c,9e6953f19a0ddf27,0,True,True,3,False,1.167,1.0,1.0
1f841ac33a457280,a09e044c4888c6d1,5,True,True,4,True,3.4654,1.0,0.3333
ab832586a7812315,988090b32c9eb396,1,True,True,3,False,10.9316,1.0,0.6667
ab832586a7812315,1902caa3185c6065,2,True,True,3,False,4.8738,1.0,1.0
c64842f572a87d5b,f312fc617ed2c4ec,-1,False,False,3,False,6.831,6.0,0.0
9a673fed1352efd5,6f8a68f6581068fa,3,True,True,2,True,13.4472,1.0,0.5
2ba829a89a0c3f28,7415315498794ccb,0,True,True,5,False,0.3193,1.0,0.4
c4abeb02c51d940d,886c658342022eb1,0,True,True,2,True,0.1799,9.0,1.0
19caf9da843193d6,929f5e228a1b4ca4,0,True,True,4,True,0.2337,1.0,0.0
cb06ac60ffe0e12c,16ce9c2a7678073b,0,True,True,5,False,0.8903,140.0,0.6667
ac819c0aedb628d8,5a27ac3039d0f620,0,True,True,6,True,0.1239,1.0,0.75
1200c2020e4c63ed,b365d3abb93b7c87,0,True,True,3,True,10.5809,1.0,1.0
8f6d9c8cf2022163,fcaf035cf79abb69,14,True,True,2,False,7.9163,9.0,0.5
28f0bcabcf37a6a4,db97e0925b43e86e,50,False,True,3,True,14.1618,2.0,0.0
8881dd0f48a9675c,c84b6c1b8f7f6149,4,True,True,2,True,3.8638,8.0,0.5
a86a434f88a2eec4,03c7b37b6ff1430b,0,True,True,3,True,0.2708,11.0,1.0
3f5f8fca928f4ebf,066526930b46ad26,1,True,True,2,True,9.0351,1.0,0.5
24e7a98f368bb935,17c4b19cd6207a5b,1,True,True,2,True,1175.2047,1.0,0.5
5608cee026bc51db,d91d4cab6672ac21,1,True,True,3,False,0.3682,1.0,0.6667
bc808498087f4c1f,d8ae14e4137ad6ef,1,True,True,3,False,4.7615,4.0,1.0
f034506afa1d4b6b,2b06746e6d094b1c,2,True,True,3,True,2.7326,1.0,1.0
f034506afa1d4b6b,bf9966c151cc68ab,1,True,True,3,True,9.1768,1.0,0.3333
f034506afa1d4b6b,307701f061850330,0,True,True,3,True,4.6458,1.0,1.0
841646906f85a3c8,1b620b3a4da95bad,0,True,True,3,True,2.8127,5.0,1.0
bff4f49850a92db3,935de6357f5b26ef,0,True,True,3,True,12.5387,1.0,0.3333
f0485ffd585b9907,644418a79fcaa7a2,8,True,True,3,True,12.254,5.0,1.0
ffc5f969e0396c17,3a23da8556510af1,2,True,True,3,False,2.4241,1.0,0.3333
a63ea9969391cddc,1ba872d68aa35021,31,True,True,1,True,0.535,269.0,0.0
a63ea9969391cddc,88570db71ac5c532,106,False,True,1,True,7.6748,269.0,0.0
a63ea9969391cddc,391bcb341de822ca,32,True,True,1,True,0.6047,1.0,0.0
a63ea9969391cddc,9b4186176752d9af,-1,False,False,1,True,4.5969,2.0,0.0
a63ea9969391cddc,0621373ae60b495c,0,True,True,1,True,1.0373,2.0,1.0
a63ea9969391cddc,5272ab742dc8da9f,155,False,True,1,True,3.3735,1.0,0.0
91a5f63c027b0f9e,0dcae8582998b495,54,False,True,3,False,13.1566,1.0,0.6667
2801f0bdbe983159,24b65ff43e7fcd6a,0,True,True,2,True,6.244,1.0,0.5
5335559a4d913525,1d1db4487793f7c0,0,True,True,3,True,9.7978,1.0,1.0
5335559a4d913525,b0bae36f51b3d57b,2,True,True,3,True,16.0935,2.0,1.0
e49bbf295f8ff471,663af91bb6dd0e76,2,True,True,5,True,12.1481,1.0,0.6667
f35f11c895f55d52,caaeb33d0fea40d5,2,True,True,4,True,12.5857,1.0,0.3333
aa5760664096966c,9b870d1c1f8636aa,0,True,True,4,False,0.6502,6.0,0.0
951be56de9491133,2faa0501f2ac3522,22,True,True,3,True,64.8142,1.0,0.6667
3c34589545cf3c33,59bbfedc842e5c81,1,True,True,2,True,3.5328,2.0,0.5
7144726ee6330876,df76d8c72ccbad14,2,True,True,3,True,1.1938,1.0,0.3333
03c267e123043f33,4e84818718332a47,0,True,True,3,True,12.0837,1.0,1.0
12e8431cda5bfbd5,98b5e7fb3c703b6a,1,True,True,3,True,1.106,1.0,0.0
d01eaf970949210a,1055c86cbec762c0,11,True,True,1,False,1.3761,1.0,0.0
65d298379d19bdde,d3d1c75ab19769dd,0,True,True,4,True,1.2988,1.0,0.0
a69abbac47c65ef5,24c5ea3914ae7849,2,True,True,5,True,1.7955,1.0,0.25
7c7233fc4f3f5417,3fa5d020737ab4cb,11,True,True,3,True,10.8003,1.0,0.0
c11fc9f6c8207c4e,219a82df210d4c55,0,True,True,3,True,0.5343,20.0,1.0
fb6a4a44af2e7e72,4f7710d5becd0203,21,True,True,4,False,136.7995,1.0,0.75
ef2ba3418c921fb1,f1031cfc86f9b729,0,True,True,2,True,42.1427,3.0,1.0
0336b46afc16b6ed,87534578dbf0f826,2,True,True,5,True,52.1348,2.0,1.0
8c5f500f41836e87,1fc8ab43065b5cdd,0,True,True,6,True,11.9398,1.0,0.2
3e2cf3465e753f48,328259308311423e,0,True,True,3,True,4.3476,1.0,0.5
7347e37f76141610,f9cf58b3fa0b76ba,1,True,True,3,True,2.8475,1.0,0.3333
dbef312bfcc19b7f,dc94af1f5e3db467,8,True,True,4,True,11.8185,1.0,0.25
cb6c30053271494d,ec9e14b80fb5f1ed,0,True,True,5,True,4.2531,1.0,0.6667
37a685a131f55770,6e3a39ee9a8154e1,0,True,True,3,False,0.959,1.0,1.0
0920ca73ab798d76,dff25b18183772b4,1,True,True,5,False,2.6165,13.0,1.0
ffad17161249447f,1e0dd31704f7e2ad,28,True,True,4,False,14.9733,1.0,0.3333
2e99146b482cff96,65727d5a9526bca4,0,True,True,2,False,5.8732,1.0,1.0
2692cd6b7735ea67,ff38e2d88d3a5739,13,True,True,2,True,34.5428,45.0,0.0
20c0b589be6d7161,aad45e2a41968022,1,True,True,3,False,7.7679,1.0,1.0
6754cb619e64758c,f3664d46b3e746c4,4,True,True,4,True,8.6431,1.0,0.3333
2bf77375243d3b0f,b97abac06b97f0ae,74,False,True,5,True,1.6014,2.0,0.0
2bf77375243d3b0f,521931591c92575d,5,True,True,5,True,8.4683,1.0,0.3333
9cc9ab71abdc5aed,0a43ff53171736de,0,True,True,2,True,0.6862,21.0,0.5
be100419c393099d,39f66006f4a62105,6,True,True,3,True,0.535,2.0,0.0
f2a9ba9d1c463f17,b987a235c2223163,1,True,True,4,True,2.1419,1.0,0.6667
a68576be25e77bae,3ba078f44a20acf0,0,True,True,3,True,1.1874,5.0,0.0
cfafa2dfb5436b50,33078cc3d40bcd10,1,True,True,2,False,3.1652,24.0,0.5
48a7d026f4dddfc0,7edf82c3ef7af6e9,0,True,True,3,False,0.0002,1.0,1.0
2f1aed69d48d1cb4,bc66130b29740c82,3,True,True,4,True,5.7879,4.0,0.5
1a770cf7cb8d0464,bda39e729ed89c5f,6,True,True,3,True,1.3943,2.0,0.3333
a9d0734abd6c0fbd,906f4972c529a096,0,True,True,1,True,2.7196,53.0,0.0
fcd3df19930f7c50,383a84b28f12d6af,19,True,True,3,False,23.009,1.0,1.0
fcd3df19930f7c50,98e3b135efac6192,28,True,True,3,False,37.6788,229.0,0.3333
fcd3df19930f7c50,848ba2ef6b43c120,55,False,True,3,False,16.2963,10.0,0.6667
fcd3df19930f7c50,5a6307e250d7b761,50,False,True,3,False,12.625,229.0,0.3333
2e4a2a52f3da4c8d,d93a4d18b2373c2c,2,True,True,3,False,1.3136,16.0,0.6667
4da8e51d4f52eac6,b2643b2b499f2aa9,3,True,True,4,True,15.3426,1.0,1.0
410099542830788b,2774e51c6ee88d82,74,False,True,4,False,13.191,1.0,0.3333
50bb5163de566e57,05ea60842577e04d,2,True,True,4,False,3.6575,15.0,0.6667
50bb5163de566e57,8b28388139cff5c9,15,True,True,4,False,3.3062,14.0,0.6667
4674614ad40ab0c3,3fb1828f5d5478eb,8,True,True,6,True,6.6944,1.0,0.0
7cc9aeb36b806564,8e272e30ed5e14e3,0,True,True,1,True,0.0002,1.0,0.0
a27007dbb8c28a3a,5ce02c0fcc79775d,4,True,True,3,True,0.5351,1.0,0.3333
461d3360f0cc3569,8a70e40b970c36f3,0,True,True,4,True,1.6156,1.0,0.25
1c3e9182e6bda74b,c6521a1a0f3e6892,1,True,True,3,False,5.0545,66.0,0.6667
0ce4b06e7479f4fa,ae5bab55cbced4f9,1,True,True,3,True,9.0636,1.0,1.0
0ce4b06e7479f4fa,8e87cb642c02fc27,30,True,True,3,True,66.8314,1.0,0.5
0ce4b06e7479f4fa,a0deabcc8c608361,0,True,True,3,True,21.13,1.0,1.0
551190fa956fb80a,469d113f0f60672e,11,True,True,5,False,13.8207,1.0,1.0
551190fa956fb80a,295de5dce6236448,8,True,True,5,False,11.8602,162.0,0.3333
71585affa9ee6827,9c3a338f5e1f6d99,0,True,True,2,True,8.4132,9.0,1.0
af8b4e53f3586322,380ce404b3606543,2,True,True,2,False,5.7674,3.0,0.5
0efbd701f4c9a442,0c0a5f59738d4398,0,True,True,2,True,0.6919,1.0,1.0
ec8309472ff0f64e,3a6385da7eba13f4,7,True,True,3,False,5.6951,1.0,0.0
7d0591b9d21cc14e,312eadaf342801ca,0,True,True,3,False,0.7046,2.0,0.6667
7e5fac081299ff24,82ec77e89124dec7,11,True,True,6,True,16.0068,1.0,0.5
7e5fac081299ff24,23dbd07fa1e28073,1,True,True,6,True,14.4132,1.0,0.5
6e70d2939c3bf510,e44f395e6158ae14,1,True,True,3,True,0.9467,2.0,0.6667
29d1e8e91f1536b4,290ab1a4eaeed455,0,True,True,5,False,0.5052,1.0,0.3333
fc371bad5f2eb2b2,b769f5feffab3f2b,1,True,True,3,True,0.9902,1.0,0.3333
8c4b5c03d2853e9d,aa316b2f49209cbe,0,True,True,5,True,1.2976,1.0,0.25
7e29810a75777a68,3b8f7fcf2411a431,-1,False,False,4,False,2.61,59.0,0.0
2fd8c82eb228ec9a,580e9bbf9351ce7e,0,True,True,2,True,15.2415,1.0,0.5
af65152f98ebe455,0b3991158914b39a,0,True,True,2,True,0.6453,4.0,1.0
61c6e305ebe3307e,a2256bc9c3d8c83f,0,True,True,4,True,0.1468,1.0,0.6667
0dfd2ec10870fc30,2a037bf46b1899e9,0,True,True,3,False,0.0021,4.0,1.0
a19a874b6467b72d,de3d3e153062ac02,0,True,True,3,True,2.5082,2.0,0.0
9a6be17297597117,3c1bb2e2ca23e1d0,1,True,True,3,True,23.2292,1.0,0.5
9a6be17297597117,cb8bbd07271766dc,0,True,True,3,True,3.0533,3.0,0.5
3c8cf1db6a166e7f,f6b523a630abd314,0,True,True,3,True,4.5715,2.0,0.5
9c295e99f482d5b2,ce283199b63a123a,5,True,True,2,False,270.1313,1.0,1.0
b514bd89e54c4ae9,bb8cbe16081b2181,4,True,True,3,True,7.2109,1.0,0.3333
9973f765e401a5f9,08ae93b72e7f65dd,6,True,True,4,True,32.9864,1.0,0.0
324f4741a7d26622,ad058a62f78d831f,0,True,True,4,True,4.2278,1.0,0.75
324f4741a7d26622,03f530b60cd04159,7,True,True,4,True,5.3749,5.0,0.25
324f4741a7d26622,6bd580a31b6c4980,14,True,True,4,True,4.0103,52.0,0.25
fb450d398f10d42d,e72bb4ca5e21ff1b,0,True,True,3,True,2.1212,11.0,1.0
0e931023088358b1,cd9ff3bc3f561e54,50,False,True,2,False,17.2352,288.0,0.5
15aadb9b47d0be78,47d65c0ec42a8ba2,3,True,True,2,True,2.9605,2.0,1.0
15aadb9b47d0be78,6a8f7b8434eab921,4,True,True,2,True,5.7879,1.0,1.0
c394e643109d231d,5483873943803fbf,0,True,True,2,True,0.5343,1.0,1.0
6c91e0795e5bfb52,23aee998e325b540,2,True,True,3,True,27.4533,1.0,0.6667
e0af04676430e6e7,32915dcaa2962d60,2,True,True,2,True,0.3863,1.0,1.0
7a615c9a91d82330,c0ad32f1f4c611e1,0,True,True,2,True,0.8531,1.0,0.5
fd4d4ee8c94392bb,ea09e1edc976bb68,-1,False,False,3,True,457.1623,1.0,0.3333
257ccbce416fb330,a643ca8426e03f4f,1,True,True,2,True,11.8504,1.0,0.0
cd82a6b68fb6740a,0fb9b789fc9d9d70,1,True,True,2,False,0.2854,18.0,0.5
1e60fa8a4fb12935,89d9094229ff9626,13,True,True,6,True,13.9466,2.0,0.75
bb663a98bdb15c91,24eb8f5c205f4458,0,True,True,2,True,5.043,1.0,1.0
0c808fe68e96e06f,135fa63963f51e95,4,True,True,2,False,2.7722,2.0,0.5
5690092a9bc6139c,74cfbe3f364c4f89,2,True,True,2,False,4.8519,1.0,0.5
e5ce3b98cd6e791e,35aa65fb8abc6317,5,True,True,2,False,3.9183,1.0,1.0
e5ce3b98cd6e791e,ceda8cc70e9ef34f,6,True,True,2,False,0.0001,1.0,0.5
58f7707a7196c81e,21fcdd4b82773900,3,True,True,4,False,4.167,1.0,0.3333
f989b8dd36241564,4d831bb77403d6cd,0,True,True,3,True,3.3225,1.0,1.0
f989b8dd36241564,f58e227ca07dc46b,5,True,True,3,True,68.8316,1.0,1.0
f989b8dd36241564,384388132c830eb7,3,True,True,3,True,1.829,45.0,0.0
f989b8dd36241564,15d192b57683ff6a,4,True,True,3,True,71.6885,8.0,1.0
a2bde705be50ca56,62968c416ea1853f,4,True,True,3,False,1.6491,1.0,0.6667
9e9bee473c6a9ade,d49b82f8dfb70d33,9,True,True,4,False,13.471,101.0,0.6667
a312adc9f8f01d5b,52da0269c26f0e33,0,True,True,5,False,0.5053,1.0,0.5
7faf7fad9a6fce53,51e9dc3dfd82623c,1,True,True,7,True,7.424,1.0,0.3333
b4ba65d83a5d7615,47803122fb1a6316,0,True,True,4,True,1.6895,2.0,1.0
cf60cd4f3dd0eff1,7f60c17bc1ba45e4,3,True,True,2,False,11.5946,3.0,0.5
cf60cd4f3dd0eff1,5c6ff529a9ee45d8,1,True,True,2,False,7.2902,1.0,1.0
2790d4c3d68f656c,91d4140f5e807e6b,2,True,True,6,True,2.4965,47.0,0.8
3f473b4a2589f4b9,ececbd8881f2151c,2,True,True,4,True,9.0982,1.0,0.6667
2643f561e17ed71a,496af10577e54aea,0,True,True,4,False,2.3713,1.0,0.6667
e1d51da9c9252cb2,4ef4696bdbdaf2c7,0,True,True,4,True,0.1574,1.0,1.0
4b3ab5486ddb0e8e,6b56ecc57469ca23,0,True,True,3,False,1.6228,1.0,1.0
b6a63b70af93a241,a08089bff0332666,9,True,True,3,True,0.4142,2.0,0.3333
b6a63b70af93a241,c3c356f163fbbe05,8,True,True,3,True,14.8943,1.0,0.3333
d6ffdf7f911886fa,be15ae6caef62d2d,1,True,True,2,False,1.4833,162.0,0.0
5cb963e9a2647fb1,f2554016992d3b40,0,True,True,2,True,9.7877,1.0,1.0
03338ca73b4e951a,8a73ea7c330bd4a5,4,True,True,4,True,2.9206,2.0,0.3333
f5dbc24b6fc78139,db26a79e97e8df6a,2,True,True,3,True,3.5047,1.0,0.5
7839b3c1b401d3d8,0bc4b27face37eb2,2,True,True,2,False,2.3313,12.0,0.5
95e92d618fc0827e,5ef5b2282ac2a830,13,True,True,2,True,23.2364,1.0,0.5
c3fe88d558f5d0c0,dfb2032bac38d59b,-1,False,False,2,True,1486.8814,23.0,0.5
c3fe88d558f5d0c0,e6fa173d9478f3bd,-1,False,False,2,True,36.1107,72.0,0.5
8ae47c28421352cc,f3fb6437282e7f0c,10,True,True,2,False,8.9056,5.0,1.0
77b42a9481d899b1,4bc511811bd93712,0,True,True,2,False,4.5652,1.0,0.5
90c7623c221e6596,da9a5f11d80a3985,52,False,True,4,True,57.8746,1.0,0.3333
90c7623c221e6596,868d533aadd90286,29,True,True,4,True,21.4085,36.0,0.6667
90c7623c221e6596,be9b1c8e41f92b48,27,True,True,4,True,29.8802,1.0,0.6667
753783b46ae459d4,b9128b402f04c775,0,True,True,3,False,0.9316,1.0,1.0
0c21fea869a151d5,085b4904b4af19a2,52,False,True,5,True,23.8271,1.0,0.5
c14f795950c735e1,e34b6bc4f81019e0,7,True,True,4,True,5.669,1.0,0.3333
c14f795950c735e1,29229ed895ae7e01,0,True,True,4,True,1.9903,1.0,0.6667
b4f9cada477c720f,aca0c998a2a4d96e,3,True,True,3,True,7.0851,38.0,0.6667
378165b8796b3868,8b75f0a9e629dabe,0,True,True,3,True,3.0125,1.0,1.0
aacbb7486068d6fb,b620d36322090269,2,True,True,3,False,0.3092,2.0,1.0
8d15bb5d260ba0a6,7551fe209378c11a,0,True,True,3,False,4.1457,2.0,0.5
849b8b7c3088bb79,bb8c1f546833e15c,0,True,True,2,True,19.0708,1.0,1.0
a1fb7afcdf9ecec6,7dd9780a0f443b79,4,True,True,2,False,2.1794,1.0,1.0
44cf87b964698004,ebf8b840bfb66de9,8,True,True,5,True,0.9856,1.0,0.5
0e45486f3ca1aa52,bc96c36cc9c0d924,0,True,True,5,False,3.6475,13.0,0.25
4c6f41b6b955d653,4f721fcf759165a4,0,True,True,5,True,0.1992,1.0,0.6667
a77774f4cde231ea,996a929d1b7cb4c4,4,True,True,3,True,61.9863,1.0,0.0
06602c55f8daebbe,6198b810e1abb3a5,1,True,True,5,True,0.838,1.0,0.0
f030fcf7f991e47a,ce686d578529aaee,0,True,True,3,True,0.0988,4.0,0.6667
6dfaee99a7fba616,69d7d38b8fcdc2fc,3,True,True,2,False,3.3355,2.0,0.5
b57eb5d8a25a188e,3ba158bb80e720c5,1,True,True,2,True,1.5056,1.0,0.5
b4e97d9e8a3a5023,882d97c35939a7ce,0,True,True,2,False,0.4118,1272.0,1.0
b35f5375d584c8fc,1137e786ab46ae13,1,True,True,2,True,5.6708,1.0,0.5
3ba150fa06dd0e67,674cb335a1d5efed,14,True,True,3,True,3.9089,1.0,0.6667
31ad8e03fc8ef0f8,4c80832d39e20bd9,68,False,True,4,True,3243.3319,4.0,0.3333
8e570f966a34f58c,2dc58b0123f2cf2a,0,True,True,3,False,2.0189,311.0,1.0
21d66e800c9d0917,f290c92d9111852b,1,True,True,2,False,5.1926,1.0,0.5
7c8f8efe0f98f788,a097a6b3cfad0fab,2,True,True,2,False,18.0985,1.0,0.5
45a498a0979110b6,5f12b8b473252652,1,True,True,4,True,11.1893,1.0,0.6667
45a498a0979110b6,2841b625fc3bcf73,0,True,True,4,True,6.7884,1.0,1.0
f643eb844814b511,478ffdbb427f360e,0,True,True,3,True,0.647,31.0,1.0
2cc0601db9cb9c10,7ad26ac8bebe451c,-1,False,False,3,False,709.8744,1.0,0.0
007f6ad2fa666fd6,31354bc51dcc6580,1,True,True,6,True,7.3744,5.0,0.75
4a46c52f8668c612,c50ab382168ef1d3,4,True,True,2,False,4.8273,371.0,0.0
7e0a218e0e202a57,0025cba147d45199,0,True,True,5,True,14.201,1.0,1.0
8fdf72914a224e1b,ca511e8575fbe291,3,True,True,2,False,1.8648,1.0,0.5
8fdf72914a224e1b,c9d8df44e3a48bcb,0,True,True,2,False,1.7626,2.0,1.0
db1ad4ccd8e379cc,bfaf0b2b1e119027,1,True,True,1,True,0.1468,8.0,1.0
be769a94def8aecc,3b046779821b1c21,1,True,True,4,False,17.3017,1.0,0.5
e38cf8b88b1e87f7,5ed1343eca97e0de,1,True,True,2,True,9.0171,1.0,1.0
218e2a6d30bbf401,24b81327aa99fd7a,2,True,True,2,True,7.8319,47.0,1.0
736b7e0b1f220df3,bd0849c26fe873af,16,True,True,2,False,8.3776,1.0,0.0
eeeb948a5f8a4afd,897395c498fd9c9d,13,True,True,3,True,0.1468,1.0,0.5
5355d664a7cee3a6,120a4942e3c937e6,10,True,True,2,True,0.4312,7.0,0.5
5355d664a7cee3a6,79152f19172551e1,7,True,True,2,True,0.8129,550.0,0.5
5355d664a7cee3a6,d93caf952165b400,2,True,True,2,True,5.0979,78.0,1.0
63da676634980af8,76a345792a956c15,9,True,True,3,True,2.6782,1.0,0.0
6f8e242d336105c5,3d5bed905f7562c9,-1,False,False,3,True,618.1274,1.0,1.0
6f8e242d336105c5,278373e50ceafafa,89,False,True,3,True,10.3401,1.0,0.5
6f8e242d336105c5,641544e082514424,10,True,True,3,True,3.9458,5.0,1.0
32d6e3f95fc0dc57,86311008a910fbdf,0,True,True,4,True,7.8621,1.0,1.0
592dded1de36a398,58dcecab352d715a,2,True,True,1,True,14.9529,1.0,1.0
8525c74270416a2b,e10a43563fbec0bf,2,True,True,2,False,15.2314,1.0,0.5
e710caa2d011033a,01805ba2cab45525,3,True,True,5,True,0.4205,53.0,0.5
095bc9a3e92a31aa,0ed999c052c706e8,4,True,True,1,False,6.0836,2.0,0.0
572ae01186eae17d,60afc1cda294dc68,0,True,True,3,True,4.6119,5.0,0.3333
cb77cf04eb49bf24,d140d72be98adeb8,0,True,True,2,True,0.0001,32.0,1.0
877331d244c88270,7a7e53f268d99aac,18,True,True,4,True,204.4432,1.0,0.6667
153d766ea4af0b55,88dbe7a777bc05e2,0,True,True,3,True,0.1407,1.0,0.0
13862fdd8723f8eb,4e96293eb47d08ff,0,True,True,2,True,5.1838,1.0,0.5
65596e81f6503ed6,728529b51a8e2e1a,36,True,True,2,False,10.8244,1.0,0.0
8429433ad9918ad4,eedf6034a55ea802,1,True,True,4,True,2.44,101.0,0.3333
44bfd501e12ed24d,57ef1a9ef580873f,2,True,True,4,True,0.535,2.0,0.6667
44bfd501e12ed24d,f69ad77f9569596a,32,True,True,4,True,15.511,1.0,0.3333
44bfd501e12ed24d,870ce61d4ddaefa4,13,True,True,4,True,0.5235,1.0,0.6667
44bfd501e12ed24d,2263590e63793121,7,True,True,4,True,11.2483,11.0,0.6667
154f8555de1fe39b,4a9b2a8e9a761ad3,1,True,True,2,True,3.0191,1.0,0.5
cdbee6966145a509,17093538e3a9acd4,0,True,True,5,True,2.0042,6.0,0.75
e96bb567c9c8b74c,fbbc58e4a84d7ac7,11,True,True,4,True,11.76,1.0,0.6667
47ba70db1326766f,60224c76f580d303,1,True,True,5,True,9.2835,1.0,0.25
8d18e1802ec016a0,f57e40f14b09cb81,0,True,True,2,False,1.5875,53.0,1.0
32dd2cb986326ee1,9bb581af2c3c57b9,44,True,True,5,True,3244.0013,1.0,0.0
66bac5703f4caafb,35004109346d4a6e,0,True,True,3,True,5.7705,5.0,0.6667
aaf23bf982ce9189,6f705f3276da740d,1,True,True,2,True,1.1872,1.0,0.0
a95c18dad57f9135,1a6725a5b5519ff5,3,True,True,3,False,3.4187,14.0,0.6667
78646ced9ff38aea,29280c8b1497ffa0,20,True,True,3,True,21.4042,4.0,0.0
7c0ee8c53e5b05a6,7064a6794038ef69,0,True,True,4,True,9.4498,269.0,1.0
6659b7d9bf83478a,06679b2c783e6094,26,True,True,2,True,42.989,72.0,1.0
9da5902ac4d37ce6,577dfe73d06e5e9d,0,True,True,2,False,3.5278,3.0,1.0
8209e65e3136e719,5c0d6a9b45da0e02,44,True,True,3,True,13.766,7.0,0.3333
87738fe01d7f9d18,b3a1b73cfca4784f,11,True,True,3,True,1.8015,708.0,0.5
8cab8b8c01190779,c019cf7c33c83188,1,True,True,2,False,2.8983,1.0,0.5
e57a058482107844,8d65eb834d2e0a01,0,True,True,3,False,0.9829,33.0,0.5
a05515bf6a81aeaa,35c53fe596fcd0e0,98,False,True,5,True,8.2372,1.0,0.3333
32c721ad653f7c95,84e283201e3098d8,4,True,True,3,True,3.9246,3.0,0.6667
899c39e5ad4b3087,7b2d3ed9b49adaae,-1,False,False,5,True,10.1831,1.0,0.25
3a2c72841f67384b,4f520bbc91f7aa22,0,True,True,3,True,6.021,1.0,0.6667
c2517a9a6f583aa6,2890352f3e4d9256,41,True,True,2,False,4.5947,1.0,0.0
ec2cfdd064f775a2,ad02e10aaa28fc02,-1,False,False,5,False,39.4561,1.0,0.0
a59398521564d99d,b2de41d190146f96,0,True,True,4,True,6.5126,12.0,1.0
a59398521564d99d,585b1857aff98bec,13,True,True,4,True,0.535,1.0,0.6667
a59398521564d99d,4d456efcb7590cc1,5,True,True,4,True,12.7099,12.0,1.0
a59398521564d99d,1d538f3ab5eaa2c5,7,True,True,4,True,9.3965,1.0,0.6667
a59398521564d99d,ab4a00c3f1bd2d68,3,True,True,4,True,3.4048,1.0,1.0
a59398521564d99d,cdc3be65a0d3ecab,1,True,True,4,True,3.7531,1.0,1.0
a59398521564d99d,45f981569c3efd46,2,True,True,4,True,8.2712,12.0,1.0
a59398521564d99d,864d597c477e8ab7,4,True,True,4,True,5.1602,1.0,1.0
92e859146fb58b04,a62aa4334b5e4543,0,True,True,4,False,4.8196,1.0,0.3333
12415c431532fa31,79954159cc774b9d,0,True,True,7,False,5.4152,53.0,1.0
d57e35dd899b9010,bb56ffbf1b555874,0,True,True,4,True,3.3783,1.0,0.75
3ed8a07ae29b23f3,fe9dd5ce1ce062a3,5,True,True,3,False,0.9829,60.0,0.6667
2f11bc90f28aea43,c8e3c04b1b96218f,0,True,True,3,True,1.3711,1.0,0.5
59b379a19d7b7d95,f64565c29a57768f,1,True,True,4,False,2.5623,276.0,0.6667
a4bad692f92cb577,6c9260af561d5e2f,11,True,True,4,True,1.3688,1.0,0.0
f4b704ee1f6accc3,bc967ae78470b9f0,0,True,True,3,True,2.2147,18.0,0.3333
a33a9a9793045267,9e23e97d47e98cda,6,True,True,3,False,4.3077,1.0,0.5
c2778bc322f17912,847cd7ce6255dc38,0,True,True,2,True,8.3316,2.0,0.5
f059a852374c4ec4,8003c588e8906863,1,True,True,3,True,13.5332,1.0,0.6667
2c55c3de99fcbed3,c80f4112bb5730e5,0,True,True,2,False,7.4917,1.0,0.5
86c9fc1dff72859c,f305c284a1df2af6,0,True,True,3,True,13.4863,1.0,0.3333
e1b5b2ae8041f613,043387d41dbf6f32,8,True,True,3,False,5.2605,1.0,0.0
54498f65751802f6,5fce3746a37a8102,2,True,True,3,False,1.9476,1.0,0.3333
746895488d8a6045,01dce1506ec10513,19,True,True,5,False,13.0656,21.0,0.3333
1702035f18e502bf,ccf316521733aa50,27,True,True,1,False,10.0149,1.0,0.0
a32391afb329e2c6,90a8a6f410167ce3,1,True,True,4,True,0.0656,1.0,0.6667
3ebb72e10094680f,92db069c2e476a14,4,True,True,5,True,1.1747,1.0,0.0
a55e387f66a3da69,82c50451801cfac5,0,True,True,3,True,0.81,3.0,1.0
7167758b459cd9cd,0a1846ff77799091,34,True,True,6,False,3.6473,1.0,0.0
e92e377ceef78a3c,6dd0159bca1cdf49,2,True,True,5,True,10.3111,1.0,0.6667
c2c0e843164517be,3a9ae2f5032b6016,15,True,True,3,True,36.394,1.0,1.0
b0eb1823bd9cf6d0,a37126265a03b584,9,True,True,2,True,23.9386,1.0,1.0
8ae7ffc6ae352b3c,87f6a851beb59a4a,2,True,True,2,False,7.0381,1.0,1.0
e84bacf57eb23c16,f80d7fe5923017f7,2,True,True,4,True,0.2189,7.0,0.3333
c31c5ac84fdbc135,154fd7ef95b840fc,0,True,True,4,True,0.1667,1.0,0.3333
ef8d5a61b32dd1bc,ae41f9c515d4564e,66,False,True,4,False,10.0511,1.0,0.0
675c05ef1c633783,dd62179f06ca9e51,0,True,True,4,True,1.5375,3.0,0.6667
b9dcebcee3afdd2c,3f9f35faacbb019e,1,True,True,4,True,3.2194,1.0,0.6667
9468348f92b7c5a7,3ec770da45563e42,11,True,True,4,True,5.4393,2.0,0.0
b1ee7a87865bbabe,fb206bf02e1d9ca1,-1,False,False,5,True,1385.3178,1.0,0.6667
09a9d03d870f2bd1,44f084602794c7c3,86,False,True,2,True,89.4137,2.0,0.0
09a9d03d870f2bd1,1a0bea78519ef863,2,True,True,2,True,69.2212,1.0,1.0
e8bf7fff74a994a4,4c2406e35d3a258f,4,True,True,2,True,7.6292,1.0,0.5
06c91e807a980e63,9944ae53238db1f7,3,True,True,2,True,31.0782,4.0,1.0
371d2ac560440383,78c7e1d605b79be5,0,True,True,3,True,17.6952,1.0,1.0
18dc5730381761d1,acdef21d0805aeb2,0,True,True,4,True,0.6318,1.0,0.3333
d268db2be169a16e,8de668e2a897e55c,2,True,True,3,True,6.0506,2.0,1.0
7546969f1af7cbc9,62d8a0877d6a6819,0,True,True,4,True,3.7977,1.0,1.0
42708d897ad57b80,eab64d7961aff513,0,True,True,3,True,11.7086,1.0,1.0
b84ceeb10c9e98f2,9afd08a201c35127,5,True,True,2,False,5.1448,1.0,0.5
979d697429ba9e8c,455c2f8f6e5eaaf5,3,True,True,2,True,8.1299,1.0,0.0
542d4fec233c0fec,3b1c5978c5b56fda,1,True,True,2,True,15.6595,1.0,1.0
e533173e9dbb8756,96d4e140809e1a65,4,True,True,1,False,5.1411,1.0,1.0
148ec523c0b96099,bc10643a85c6bc79,13,True,True,3,True,724.6322,1.0,1.0
148ec523c0b96099,e9f08a3d4f540eb9,0,True,True,3,True,15.6796,1.0,0.6667
70609bfcabe59557,6ead5d2ef7f06c58,2,True,True,3,True,2.1826,1.0,1.0
70609bfcabe59557,153ec372db0bbcf9,0,True,True,3,True,0.0002,1.0,1.0
43f3a9761ecb6312,7c7bde72c8df5047,2,True,True,3,True,0.9414,1.0,0.0
3e6416a812c4f6df,e441200d351b3a04,0,True,True,4,True,3.4851,1.0,1.0
09e5f20d04a30316,b2b4b771176bef84,8,True,True,4,False,14.1051,4.0,0.3333
3941f59c40dde6d1,4f97e19e7ac6a97d,31,True,True,2,True,3.4675,8.0,0.5
8dc829bfb857d01b,10e2193f1a411c7b,4,True,True,4,True,8.0039,20.0,0.6667
c6cccf6d69c7815d,94512c454081b96e,0,True,True,3,True,2.5881,1.0,0.3333
0f487a534fdd8b84,fb4480a2bc772d9c,4,True,True,5,True,5.3655,2.0,0.6667
65df09ba6d70d7e7,f598f4e212deb63c,2,True,True,3,True,5.978,1.0,0.6667
6b8950a93e07847f,8d2fa10aaf662bb1,2,True,True,3,True,12.1779,1.0,0.6667
6b8950a93e07847f,19dec9e3a5782b3b,13,True,True,3,True,12.4576,1.0,0.6667
da5285e5dfdff633,8143927a177791f1,2,True,True,4,True,16.2698,1.0,0.3333
de40537a3e5fea32,105fc25a345c10c8,8,True,True,2,True,8.1332,1.0,0.5
6fb4410a9b2b5e94,b17c1d8280128f93,3,True,True,3,True,15.3826,708.0,0.5
a298f15660f98367,269531a5c4f80b41,0,True,True,5,True,7.5754,5.0,0.75
9e0fd5db76cc3fba,49966519b0451e35,0,True,True,2,False,0.9828,8.0,1.0
1cc9c51e1c6f97cc,f682cfdab08af8d8,-1,False,False,3,True,1406.6501,1.0,0.0
d47ce33bbb5f544f,90b17a5ffb4b524c,0,True,True,3,True,4.8739,11.0,1.0
5ca4c4f83dafa379,7221d1e7784889f8,-1,False,False,2,False,19.9102,2.0,0.0
f3f5d4c40601573a,a6ec4ecea6a13bc2,24,True,True,3,True,13.1014,4.0,0.0
bd355cdcf68881a2,72722731cc02bd6b,1,True,True,5,True,1.167,1.0,0.5
17f5aba0a8a0cb5b,ac529679237dd6cd,0,True,True,3,True,7.5979,1.0,0.5
17f5aba0a8a0cb5b,915f6cdacd199280,7,True,True,3,True,3.1824,75.0,0.5
e6c7ab2ecaad2e97,a4208aae90ec435a,0,True,True,3,False,2.4812,4.0,0.6667
529f06581aa3e961,ba605e9d21b38fb5,0,True,True,5,True,4.1689,47.0,1.0
1e0dc3c5acc939ad,302a59285c53718d,0,True,True,2,True,0.7703,1.0,0.5
774fe11a18a198f1,3e43c320def0b898,2,True,True,3,False,4.2553,1.0,0.5
031313235ef88344,ccde6b9db87136fd,0,True,True,3,False,13.6139,1.0,0.3333
cb8ffb92a0a774e2,20bae4d86fc6f1b4,163,False,True,2,False,2.6058,1.0,0.0
6be10958c7d6968d,eb9ee28250a8fec9,7,True,True,2,True,4.2999,1.0,0.5
839d2926926062ac,338d82aa0fe9d3ff,10,True,True,2,True,1.2978,1.0,1.0
6138556750d02fe1,5287a01a798b5b22,0,True,True,4,False,9.0101,2.0,0.5
1ce050c7ca456572,7131f61c8a37f149,10,True,True,2,False,0.0,6.0,0.5
1ce050c7ca456572,67aa7c1f7a3ea694,8,True,True,2,False,0.5204,248.0,1.0
1ce050c7ca456572,52010ad9564f6c5b,3,True,True,2,False,0.2467,4.0,1.0
1ce050c7ca456572,6c33880e3220b09b,5,True,True,2,False,0.0,4.0,1.0
1ce050c7ca456572,d57c78d131a6aa36,4,True,True,2,False,0.0001,9.0,0.5
1ce050c7ca456572,45c9244d57fd8cba,7,True,True,2,False,6.602,248.0,1.0
1ce050c7ca456572,d7c5f1eb81f02ec7,1,True,True,2,False,0.1601,1.0,1.0
1ce050c7ca456572,21f43ddecd6449c9,197,False,True,2,False,88.2857,248.0,1.0
1ce050c7ca456572,43ba1526512da663,6,True,True,2,False,0.0,3.0,1.0
1ce050c7ca456572,594d9eed2fb3e2ab,0,True,True,2,False,0.197,248.0,1.0
8c5a86e910237744,ba84ab483967b302,1,True,True,1,True,1.9985,2.0,0.0
3cd0f17f0f93c5d8,c2685c32e145b11d,8,True,True,4,True,10.4045,1.0,0.6667
3cd0f17f0f93c5d8,86d3fe9ed22cf9af,0,True,True,4,True,8.7744,1.0,0.6667
fcfd0564912944ee,c51889161adce94c,1,True,True,1,False,3.8083,1.0,0.0
e82f1570ba4de702,859a2ceac4406a86,0,True,True,2,False,1.3238,4.0,1.0
e82f1570ba4de702,a9a30d3d4b700fa6,2,True,True,2,False,1.5891,1.0,1.0
a979e7c87de9e5a5,b36147013ac07640,0,True,True,3,False,1.6896,2.0,1.0
6e26159a918d94e0,fde043a0af6a2c31,0,True,True,2,False,0.9652,12.0,1.0
fff972b173422b50,ef46b4b6c6887af1,0,True,True,3,True,0.408,3.0,0.6667
7a129afcec25d8ff,97ce623926cf1ecc,2,True,True,4,False,6.8497,1.0,0.5
05061683a5301f8e,877a56440b1cafb2,0,True,True,4,True,0.5864,1.0,1.0
11bebb8752ce5cb8,43a3ce8e370557d0,0,True,True,3,False,6.3343,53.0,1.0
a1710609b3f84045,442af8a44f616e5d,3,True,True,3,True,2.2351,1.0,0.6667
a5b8be86d94cb8fd,d976ab73e887419b,0,True,True,2,False,6.8123,1.0,1.0
ca705e1b3115eec3,cb0948c417d3a35a,19,True,True,4,False,18.4442,3.0,0.6667
6ad942399585e396,057c82f0e200c2c4,1,True,True,3,True,11.2053,1.0,0.6667
fb5a20c77bba2b85,03abd9a14a4ea660,0,True,True,3,True,4.908,1.0,0.6667
f1080277061931ea,d11e6310755d3d99,0,True,True,4,False,2.424,5.0,0.5
65a5b43386610101,a2e64430f44961ac,5,True,True,3,True,13.5466,1.0,0.3333
5c917f1c955fd31d,d30680877baaae0e,2,True,True,1,True,6.0167,2.0,0.0
730e960d3cf7eba8,f256950284b5f557,16,True,True,2,True,22.87,1.0,0.5
91f0f9c84c2c7ef1,a248446ad87dde1f,0,True,True,3,False,5.7208,1.0,0.0
86403ac391b7c0d0,7d769171bcc5bf59,7,True,True,3,False,1.5056,3.0,0.6667
86403ac391b7c0d0,a1d3ffd0b4e966be,1,True,True,3,False,0.5133,1.0,1.0
998825205fda0034,862bf435c5ced793,0,True,True,3,False,1.8719,1.0,0.6667
6ebfe32a05fcfc5a,d896778eea530643,0,True,True,3,False,0.0003,2.0,0.6667
6cca21f6955bd4a1,af756b89258e4cab,0,True,True,4,True,2.9926,1.0,0.3333
462d997e0f25181f,74f8205e1ad36475,1,True,True,3,False,6.6964,1.0,0.3333
26b67ab4c14fa76f,7841f666a204d827,0,True,True,2,True,0.76,1.0,1.0
322b5f2c13f065ba,a5d6795efdaad2af,20,True,True,2,False,6.7687,2.0,0.5
78d11fe413e2b974,e79f3123a805a29c,0,True,True,3,False,8.4811,14.0,0.3333
6986c89bba4868d3,56c036a2531fafba,5,True,True,3,True,5.0471,17.0,1.0
1b202908e29cf4eb,a39f27853dbcb2ee,5,True,True,7,True,6.627,1.0,0.25
a1f1ecb107b2e11d,551906f9d7ee282e,4,True,True,5,False,14.1743,128.0,0.75
b4c7a5042e3cf9c1,1a4129b6c398d146,0,True,True,5,True,9.1362,1.0,1.0
ac4c10d0a69059a8,2225c51e5407e364,0,True,True,8,True,10.015,1.0,0.2857
1938ccc575f3c7a3,8f7deeeae7c3fab0,1,True,True,7,False,3.8466,1.0,0.5
615320cec5b9ce67,99f497afc23f3e28,2,True,True,3,True,1.7779,1.0,0.3333
5c6cb9bbf52e07f9,2fbcedd0d63648ce,2,True,True,1,True,3.3093,45.0,1.0
798103bcc0e01858,2b02f9dd3e1541c4,4,True,True,2,True,2.5361,1.0,1.0
798103bcc0e01858,5dcc411d3334a646,1,True,True,2,True,0.0002,51.0,0.5
0f2049ab7a08f2e7,73b5a9a187c67ebd,1,True,True,7,True,3.0451,1.0,0.2
37ff3fbeab807b78,0c43727779ee4615,2,True,True,1,True,8.2628,4.0,1.0
757c74274c47fa87,30d0b1850a6b9d47,0,True,True,6,True,2.2242,4.0,0.0
4042ca7e7a67839f,c58f0a703ae58f27,6,True,True,5,True,6.8966,1.0,0.5
4042ca7e7a67839f,f329161642226766,2,True,True,5,True,1.2978,1.0,0.75
4042ca7e7a67839f,2e219d666ffbf3d8,5,True,True,5,True,5.2568,23.0,0.5
4042ca7e7a67839f,521a63fcd37c2225,0,True,True,5,True,3.0063,1.0,0.75
4042ca7e7a67839f,8128fa040f5b360c,1,True,True,5,True,2.0799,1.0,0.75
a17e1607d8bcb1b8,e3a40b1b60faaa34,5,True,True,6,True,5.7855,1.0,0.1667
bce6ac333e458222,7f1a3edf9f229365,28,True,True,3,False,10.9613,1.0,0.3333
48d3642fba610585,4f520b529b3cd531,0,True,True,5,False,9.8515,1.0,1.0
9cc0f474781c8adc,c6753f45ccf48c1f,2,True,True,3,True,2.8597,1.0,1.0
3f4f615ffd0c40b1,af0278898e2b7da2,0,True,True,2,True,1.303,1.0,1.0
fd1805a9675f31b5,9c2d881a239415e5,13,True,True,4,False,2.1777,1.0,0.6667
e1c844b0f215a211,1d953499de14bbbd,4,True,True,2,True,1.0484,3.0,0.0
31aece7b9f5e612d,fe4cbd4ce23379ac,1,True,True,3,False,0.2001,1.0,0.6667
937e2b51d8511ec7,a89cba6da8997441,14,True,True,5,True,25.8245,2.0,0.5
0d2f98a4840d6ba5,2e97159ae0a3d2e4,10,True,True,2,False,5.3277,1.0,0.5
c9ebe302e0ba06b6,5399fcef92696800,2,True,True,1,True,0.0001,1.0,1.0
e147498ed14e6ff4,8460f35c3045df43,10,True,True,2,True,0.7045,1.0,0.5
b594a91e41793df6,c57c745ffb16d39e,6,True,True,2,False,5.5981,1.0,0.0
aaf94abbe6db06df,6f74bba18495a0a7,17,True,True,2,True,30.2293,1.0,1.0
b675ec51ea0337cb,02a35abc2e0c5be6,3,True,True,4,True,7.0614,1.0,0.6667
662f60782e4169ed,12d6b80d2bebbc69,1,True,True,2,True,1.868,3.0,1.0
60ccde57214de68a,26cbcb3e7fd75076,2,True,True,3,True,13.1189,1.0,0.5
14e8eba3a6d09285,d50f6b46ec748179,0,True,True,3,True,0.6109,68.0,0.0
bf5a966593b2140c,3594b0ba424e7428,2,True,True,3,False,2.572,3.0,0.0
9f433470247012c8,215e34bc69624c8c,3,True,True,2,False,16.5515,13.0,0.5
f4d8b1b48d975252,fefb8844bb7d5f4e,5,True,True,2,True,7.4539,1.0,0.5
e80d9f7d88308321,00032ceae823955c,0,True,True,5,True,13.3915,1.0,0.6667
21b6f7f6f7d46b0f,a62175acea5ad982,0,True,True,4,False,5.7183,1.0,0.25
8f68981c4fcf3876,cd4b9efcbef3d423,2,True,True,1,False,3.7548,1.0,1.0
8f68981c4fcf3876,098a441d2e5a4fc2,0,True,True,1,False,2.0588,335.0,1.0
8f68981c4fcf3876,266175adc8fb55d0,12,True,True,1,False,10.079,59.0,1.0
8f68981c4fcf3876,6d35bfa92937bbde,7,True,True,1,False,3.7548,335.0,1.0
8f68981c4fcf3876,cd430a300fe215d2,8,True,True,1,False,6.6754,13.0,1.0
8829db1eda5fe20e,aaf89c09cb0b484a,0,True,True,3,True,11.1851,1.0,1.0
c029348612e4422e,fb4c456ea4bce0b7,5,True,True,2,False,20.4081,2.0,0.5
c029348612e4422e,a933eddcb63233b2,33,True,True,2,False,36.8335,101.0,0.5
c029348612e4422e,e677823f1555b784,7,True,True,2,False,35.3182,1.0,1.0
75aef69137ecca93,8d55a81ee0850044,1,True,True,5,True,142.7373,1.0,0.75
57d3c9e71d956c90,d5911d83891117de,0,True,True,3,False,0.179,1.0,0.0
5f59c8d834cd7d97,943fbf8435a40ebf,0,True,True,3,True,5.663,1.0,0.5
484a5447deac3170,5512b5c3216f7b9c,1,True,True,3,True,3.4402,1.0,1.0
cacba0121e2739aa,80d52807c79a89a4,0,True,True,2,True,0.0,24.0,1.0
419af89ed43d04a2,ba683a652140a126,0,True,True,2,True,4.474,1.0,1.0
cd7c1c1fd685c066,fbf20eac7bfefc55,0,True,True,2,False,2.9601,1.0,0.5
28e287b3fb2dc79a,8e2b6bc908afea29,1,True,True,3,False,2.6116,1.0,0.5
337092973311c95b,b88fa5be81c8cbfb,0,True,True,6,True,0.0,1.0,0.6
838839decad0e375,e8601703a33632c8,4,True,True,2,True,3.9874,8.0,0.5
b6e64445ee33a6d4,82ed65995dcde138,4,True,True,3,False,3.006,229.0,0.3333
6bee86bf096853a8,fe8eb23a06dd0391,2,True,True,3,True,3.8989,2.0,0.6667
7b52287182484637,ce51e4a53e346477,0,True,True,4,True,1.8093,1.0,0.0
761c30a8b7d85a6a,b83bd96e5593ec16,0,True,True,2,True,6.9909,1.0,0.5
761c30a8b7d85a6a,2fddb82340ef36c0,1,True,True,2,True,12.6426,1.0,0.5
761c30a8b7d85a6a,8f54c394a4e7fcc9,4,True,True,2,True,5.7555,1.0,0.5
dca4da9c8ddeb031,76a7514cf0b5f523,4,True,True,2,True,2.9234,862.0,0.5
5d849fe59e968685,b5083db907fa43fd,2,True,True,2,False,5.631,1.0,0.5
93cd826300c5f5d9,f6d80458c5e4d5ac,12,True,True,2,True,13.9593,1.0,0.5
93cd826300c5f5d9,36f016741b0f166d,31,True,True,2,True,4.1889,1.0,0.5
184cf7f7dcb8efe4,d0657b09317d7761,0,True,True,2,False,12.4125,1.0,0.5
184cf7f7dcb8efe4,fab8cd30b3d92cb7,3,True,True,2,False,7.3896,1.0,0.5
f484bb067f6144a6,6be9f2af44dc37af,1,True,True,3,False,6.052,1.0,0.6667
fad22fc52b42b79e,c32049baad33fddb,5,True,True,2,False,0.0402,3.0,0.5
fad22fc52b42b79e,566ddaae310a740b,0,True,True,2,False,2.3305,335.0,1.0
fad22fc52b42b79e,a9c6ff02f42d6a97,6,True,True,2,False,3.9908,1.0,0.0
fad22fc52b42b79e,5f3a41ce867d6cbf,2,True,True,2,False,1.144,335.0,1.0
fad22fc52b42b79e,23507a5772d31bf2,1,True,True,2,False,0.04,335.0,1.0
5c8320d1e44061ae,66648c8a3b0d320a,0,True,True,6,True,0.0718,1.0,1.0
e3a4c1c518583b4b,2b62681485e395f8,0,True,True,3,False,2.0396,1.0,0.5
44ddf200a6577c7d,831a5884fd459776,0,True,True,3,False,1.5243,1.0,0.5
e1fb11274bce4464,7df83fd19b9a1a52,1,True,True,4,False,10.1231,19.0,0.6667
bc23b892228f2f66,629868762251fe03,0,True,True,4,False,1.4378,1.0,0.75
995b9ab454fcadff,93c96fb89cc60a32,8,True,True,3,True,28.3701,1.0,0.0
0c50dbe78aa2343e,b5e3ad5e73b4a618,2,True,True,5,True,1.7327,89.0,1.0
ba666d31c9b17c71,7ddd9fdb3967d3ec,1,True,True,3,True,5.8671,13.0,0.6667
98e23c1747f61f3c,34a7e14edf8b2576,0,True,True,2,False,4.4007,2.0,1.0
98e23c1747f61f3c,7d3ede1449b0d8d1,10,True,True,2,False,0.7101,38.0,0.5
80c99a2f92ae9daa,fc1f2c922f033f8d,1,True,True,3,True,6.4752,2.0,1.0
dd77aba2c1fa55e6,2248bb6c18c22507,0,True,True,4,True,3.4675,1.0,0.3333
6b460b8190d65aed,fdf869bcbbf0b694,0,True,True,4,True,1.7697,1.0,1.0
f4cbf63d4138c235,c65754f02f5a3b92,1,True,True,5,False,0.8381,311.0,0.75
886b5cdaad8f7779,ed38bcc8f0effbe1,0,True,True,3,False,15.6481,1.0,0.6667
ca06c062ce9fbe22,0496dbf58a28ffdf,3,True,True,5,True,7.2053,28.0,0.25
ca06c062ce9fbe22,02958ce43a2246f9,14,True,True,5,True,15.9959,10.0,0.25
14bf1aaa197423ec,6b6e481f75b55e46,3,True,True,2,False,4.8129,3.0,1.0
41c5c6a3b5d423f8,a52f59c6a727f101,76,False,True,6,True,91.3995,1.0,0.25
fe5a202467643b56,543e3a30371f9969,4,True,True,2,False,3.2763,158.0,0.0
9eaf12c71e698f34,94e7de80c7d3afab,0,True,True,3,False,2.7657,1.0,0.0
910a1050961a451b,f10c04b685fdddf0,34,True,True,3,False,1.3492,1.0,1.0
910a1050961a451b,060c159bffa5dd57,54,False,True,3,False,1.0844,1.0,1.0
910a1050961a451b,96198a17978e3664,3,True,True,3,False,1.1533,15.0,1.0
910a1050961a451b,5a066b2f14b1fc94,14,True,True,3,False,1.8715,1.0,1.0
7223a4ea76b47be4,d19bf6d0eabf59d9,0,True,True,2,True,0.3544,1.0,0.5
9e3c0ab9ccdc77f3,2bcefd1cfe9177e8,0,True,True,2,False,1.6613,1.0,0.5
6908780505532f2a,04607cbbb98c133a,0,True,True,3,True,18.7221,1.0,0.3333
795c0434b417c0fc,5b29760692cd5304,2,True,True,4,True,2.1791,1.0,0.3333
b8638f9c18a124bc,34f91e75fe5d0569,0,True,True,7,True,1096.056,1.0,1.0
27b464449d40eae1,162740e58c3c4c36,18,True,True,2,True,2.5512,1.0,0.5
9e9006916e4062dd,88bdf681a5af54cf,0,True,True,2,False,1.926,1.0,0.0
bc6b8cbc3df10b81,b86944287918a867,4,True,True,3,False,5.3722,311.0,1.0
bc6b8cbc3df10b81,d83cbb5c3fae0afa,7,True,True,3,False,0.8202,60.0,1.0
bc6b8cbc3df10b81,dbfab8f130ec3aba,0,True,True,3,False,0.8201,311.0,1.0
bc6b8cbc3df10b81,137ea406bb90a06c,15,True,True,3,False,232.2288,311.0,1.0
bc6b8cbc3df10b81,0519f08a7c1908f7,6,True,True,3,False,10.4291,311.0,1.0
bc6b8cbc3df10b81,e290137222755aeb,5,True,True,3,False,5.4405,311.0,1.0
bc6b8cbc3df10b81,b7f1922349e254a1,2,True,True,3,False,9.031,311.0,1.0
bc6b8cbc3df10b81,0ef13871cd8a38fe,3,True,True,3,False,0.8201,1.0,1.0
bc6b8cbc3df10b81,fef1fa3f70e024b9,1,True,True,3,False,9.031,1.0,1.0
a3a1921f03ce7ba1,b2d8c8a6220eb534,6,True,True,2,True,0.0002,5.0,0.5
a3a1921f03ce7ba1,08ca71c6da9db400,3,True,True,2,True,10.516,1.0,0.5
cd704c2096bd9c21,3f266f36770a607f,7,True,True,1,True,14.5007,1.0,0.0
cd704c2096bd9c21,187688b6fc1fa579,-1,False,False,1,True,853.691,1.0,0.0
cd704c2096bd9c21,2a9927a5b4a8d1b7,154,False,True,1,True,712.3118,2.0,0.0
e099a061d5b1db69,c988e57782174525,1,True,True,2,False,0.0,50.0,1.0
ad94e32b28d84ce1,13789fedbea7be2d,0,True,True,3,False,1.1506,3.0,0.5
87fcaf70f9835717,b350bc79a017f982,1,True,True,6,True,6.6918,10.0,0.5
bd72023508140384,e6d854ebd0154501,0,True,True,3,False,2.5352,6.0,0.0
a38e0b9be1e33aa8,809fe9507f42abf0,4,True,True,4,True,8.5609,1.0,0.6667
a38e0b9be1e33aa8,854cce202eb43e2e,3,True,True,4,True,3.3118,1.0,0.6667
c16583bb56d32cbd,ccdbe97967c5ee40,0,True,True,2,False,2.1794,17.0,1.0
4d889a015301c0d7,c29ec93770497b04,3,True,True,3,True,14.7967,1.0,1.0
4d889a015301c0d7,cca15b082a572bb5,0,True,True,3,True,8.5912,7.0,0.6667
4c02a01845ee210f,f3aa6655908e711d,6,True,True,6,False,3.227,1.0,0.75
a150f032c4e613fb,1db101f107c5498b,3,True,True,3,True,5.9868,1.0,1.0
a150f032c4e613fb,9dc22b9969fc9958,0,True,True,3,True,9.1067,1.0,1.0
a150f032c4e613fb,872b591d64fb98c3,5,True,True,3,True,10.1905,5.0,1.0
ee283d18e15cc1ec,2082fa2e980dd7de,14,True,True,12,True,177.8818,1.0,0.1
aeeb24fa06ecee24,75732ab3b3cdf305,24,True,True,4,False,10.3625,1.0,0.6667
bd5088ae744b1f96,fa9a27c3b75ba803,24,True,True,2,True,1.2606,1.0,0.0
8f78a735ec1e6230,77b17ae7c9746a15,36,True,True,3,False,20.6248,1.0,0.5
bd75980f85c56b7a,b72aaab8a71edc8f,25,True,True,4,False,8.6233,2.0,0.0
b25775317f9e3172,1976977eec137f11,0,True,True,6,False,77.3544,25.0,0.25
5566c87037f16491,a96d994cb983fc02,0,True,True,4,True,7.6777,1.0,0.0
5566c87037f16491,803cf488162f677e,8,True,True,4,True,11.2194,1.0,0.0
1efbfb5e36eb8fed,66e33c920b5b272b,0,True,True,1,True,11.2156,1.0,0.0
1efbfb5e36eb8fed,d8a511e42840c66d,8,True,True,1,True,11.7142,1.0,0.0
dc38bcf775cfe2e3,0526226e3911d58f,0,True,True,5,False,3.4363,1.0,0.5
70b63e5f6bbb1f6d,a8bb3721dfdf0e09,0,True,True,5,True,4.4771,1.0,0.5
e6799f33c58d64b2,d5e081be1764a760,5,True,True,2,False,3.9677,10.0,1.0
e6799f33c58d64b2,23074049d3d2cdf7,3,True,True,2,False,1.6482,1.0,0.0
81357e174110fd4c,363c194ee4815f85,0,True,True,4,True,22.182,1.0,0.0
0391ecd7ad640de6,80216f8200e36b22,0,True,True,4,True,0.0,2.0,0.6667
f81156d3f7747d2d,22260312a6627f0e,1,True,True,2,True,0.7046,8.0,0.0
5362093a1b3b964d,9a1d2a0fd25f069e,1,True,True,2,True,0.7176,21.0,1.0
5362093a1b3b964d,8cb2ac89b7911e07,0,True,True,2,True,0.5278,1.0,0.5
72b34a6a6dacf307,d9f8071dc8c47516,6,True,True,4,True,1.8599,1.0,0.3333
76b0720e5a3001a9,b964682e524150bb,1,True,True,2,False,0.4213,5.0,0.5
1747414f5b2fde45,58a6bfb2180b2bd4,0,True,True,2,True,5.4606,2.0,0.5
4539fb295547ecf2,7436393dc2f4934a,62,False,True,4,True,6.661,1.0,0.0
7c6cd074effa5f89,b85e5dcc8cafedf8,2,True,True,3,True,3.1703,1.0,0.6667
ebdb1501a416a6ed,b2d1595b907a0bca,1,True,True,2,True,3.488,1.0,1.0
8a4a95049e72ce18,dfddde8ca8f7b08e,3,True,True,4,False,0.6466,1.0,0.3333
cdc5871498875234,9d18efb9c3e5cef7,0,True,True,3,False,8.129,2.0,0.6667
cdc5871498875234,8eee244299b4867d,13,True,True,3,False,10.7095,1.0,0.6667
c150e6ea62c1302a,cdc3be65a0d3ecab,1,True,True,4,False,3.7531,1.0,1.0
f7463da2aa241a24,2dc80a8c61c49e9d,13,True,True,5,False,3.0526,75.0,0.25
cab91ae1d5e9ac61,d69db27de6a10fd3,1,True,True,3,False,3.5326,335.0,1.0
b7360785faebee0a,cac5468b923aad6f,1,True,True,4,False,0.7046,4.0,1.0
c666ad2592e35169,1e9f3f404af6eb48,0,True,True,1,False,0.4939,1.0,0.0
d926d98b78fafc5f,d976fbbaed2eed0a,3,True,True,4,False,7.4984,22.0,0.75
176c6476855a4452,22e7eaa85d9b3a30,2,True,True,2,True,15.4307,116.0,1.0
457c0c6a1289bb1b,77c8a80630344e9c,0,True,True,2,True,2.3481,5.0,1.0
457c0c6a1289bb1b,7bc0959017522fed,33,True,True,2,True,8.9695,1.0,0.0
bc3c705157f82e1d,76532a5ff6ca210e,9,True,True,3,False,9.3833,3.0,0.3333
bc3c705157f82e1d,ea5d825ec3531b17,18,True,True,3,False,0.6714,1.0,0.3333
bc3c705157f82e1d,5b551a7da0c3a10c,26,True,True,3,False,15.1827,1.0,0.3333
bc3c705157f82e1d,f5a1d9cc251b58ec,4,True,True,3,False,7.6537,1.0,0.6667
bc3c705157f82e1d,b202118ca2904c76,5,True,True,3,False,11.9554,9.0,0.3333
bc3c705157f82e1d,c117c32afde2e390,2,True,True,3,False,10.936,5.0,1.0
bc3c705157f82e1d,45320074cc651046,40,True,True,3,False,17.7986,1.0,0.3333
bc3c705157f82e1d,9e5dfab508ddff64,27,True,True,3,False,11.1551,1.0,0.3333
6a71ed39e8f2644b,65ed47c06c0b6b66,1,True,True,4,True,0.9467,2.0,0.3333
683593b30a3796cd,6f30a31b81951cff,1,True,True,3,False,0.587,4.0,0.5
37ef1163dea9b23d,3c692e67cc77b364,0,True,True,3,True,5.223,1.0,0.6667
fd24c0e7dd435ac7,ef565377c89c066f,0,True,True,5,False,0.4282,6.0,0.4
ce2831df60dd8779,8721baf6269b68cd,0,True,True,2,False,7.7814,4.0,0.5
364c0d309edddf5a,f3592c66ea2945bf,10,True,True,3,True,54.7345,6.0,0.3333
4e4f6ccfa2f8040c,ccbc19ebb91f9d19,1,True,True,2,True,1.0217,1.0,0.5
2b459af0cb9f4a12,c09c4ce5e6a1cf36,8,True,True,2,True,6.2931,1.0,0.0
3cae8a2267d10a27,b2210edeb5880096,0,True,True,4,True,1.1818,4.0,1.0
9fd19af090e9fade,adc48821cf6275e2,0,True,True,4,True,7.8923,1.0,0.0
5366b86d95c2f3ea,a6844058613dc9ea,2,True,True,2,True,11.2455,1.0,0.5
f2abdfda24b455f7,767b627437f0928f,0,True,True,4,True,3.2593,2.0,0.6667
35aa525f9721b8df,0b2b306a664026ec,8,True,True,4,True,0.4624,1.0,0.3333
ca9e6085657bcac2,79f69a7506b14cb4,0,True,True,2,False,2.778,44.0,1.0
3b7b31123eca7852,2ce928a14fbd4006,0,True,True,3,True,1.2361,1.0,1.0
c2972857ea8672b5,79b27676a719ea08,0,True,True,2,True,0.587,1.0,0.0
61489f02b3f7e5e4,281705e84e2278f7,11,True,True,5,False,11.986,65.0,0.75
e15eeca1f8c2122d,424174ab09721616,2,True,True,2,True,0.4654,1.0,1.0
11634455ab6cbe2e,73a3eb926f77f71c,0,True,True,2,True,8.0647,1.0,0.5
941481090c42a986,51c296aa4513d8e4,11,True,True,3,True,1.8699,17.0,0.0
f13351bbf0981f3d,4ba6de7a988e83a4,1,True,True,2,False,1.9252,2.0,1.0
82f65b7161b7d218,b791019dd1b5d8ed,3,True,True,6,True,2.6255,3.0,0.6
5c84b5e42e2746cd,9524f34da39aa71e,1,True,True,2,True,1.4452,8.0,0.0
f83a0431d301a7cc,1946748b5e2b96d2,3,True,True,4,True,3.3485,1.0,0.3333
990bfc42c0296525,eb796cd400e7cc7a,0,True,True,3,False,0.934,1.0,0.5
e5ee032b3c422113,ad732f5c8e10a000,0,True,True,4,True,1.2564,1.0,1.0
199f7a0e520e0869,f91e156a9f9bc00a,0,True,True,6,True,5.9944,2.0,0.0
f8f19e3564fa54bb,017c5553daa10c0f,0,True,True,3,True,2.1725,1.0,1.0
92d2b5187ae21aaf,8eeecd2abe5841b2,17,True,True,2,False,2.1976,1.0,1.0
f064bbdf270b4830,a450afdea1b2da35,0,True,True,4,True,0.0001,6.0,1.0
bb8b193a3aa326c9,b5e1c779baa49d4f,2,True,True,5,True,9.659,43.0,0.25
725f08697dac68b3,dcdb1b04e9200e39,88,False,True,1,False,34.9884,9.0,1.0
f70ceba6bb572826,09c4ef6516ef79b8,2,True,True,2,False,4.9314,6.0,0.0
6a8dd6acd77396ca,bc8520a116120c9b,0,True,True,5,True,3.9742,3.0,0.75
24cf5cbf09fb930a,dee47c767238aeaf,0,True,True,3,True,11.2845,1.0,1.0
dbf2da1285fe1098,66e691fda694b91f,1,True,True,3,False,7.9765,16.0,0.3333
b039f0d77d41f292,cebba3f00cb5316f,2,True,True,3,True,17.1665,1.0,0.6667
2de15717dc567776,76bea55a5311747c,0,True,True,1,True,0.5161,1.0,1.0
2de15717dc567776,a2d77c79aad792e8,2,True,True,1,True,5.053,1.0,0.0
38ca7cbdb82dd437,0dbff745e8299457,1,True,True,3,False,1.4407,3.0,0.3333
38ca7cbdb82dd437,432f75f74a4240bc,0,True,True,3,False,0.0,3.0,0.3333
79f5b0f974b140c3,6f03402f54ce4059,0,True,True,3,True,3.474,1.0,0.3333
9193952f0a084376,825326c19edff6d5,0,True,True,5,False,7.4706,2.0,0.5
1f705b93adb4fcef,e610e7a17e35451f,2,True,True,2,True,1.5422,16.0,0.5
6d606540fa638a7b,e4c6f04dd4a4cf10,0,True,True,3,False,5.2583,10.0,1.0
9250692fd95f81d9,1d6f295951d7f6d6,0,True,True,4,True,5.7192,275.0,0.6667
7d4b1b17f44264d5,7ee7d7fabd27153a,0,True,True,4,True,0.3036,1.0,0.6667
25b30fc411cdf150,33d85556449bfe0e,1,True,True,2,True,12.8671,1.0,0.5
e727d894db86a58e,8e6f50f2e0a1657d,0,True,True,3,True,9.3961,1.0,1.0
424e552089c4afd2,6e68ccb3bf5dbd45,3,True,True,2,False,2.7356,158.0,0.0
1a49e5f9129d61ef,171ea214e669e468,2,True,True,4,False,11.4349,1.0,0.0
54adccc7627d7d67,99592ab49bd38b30,0,True,True,2,True,8.0098,1.0,1.0
cdf2c6bf72d27fa3,cbc7147bc95e4648,0,True,True,4,False,5.6166,1.0,1.0
d340006e0de9ddd0,0f797a5510a6d6d4,0,True,True,5,False,6.4965,3.0,0.5
0b7b944f7dc674cf,1306d74cea055a4d,0,True,True,3,False,1.1506,1.0,1.0
15142fec97f212d3,a5933b9b5876238d,0,True,True,2,False,15.0255,1.0,1.0
3c2e86c53bd153b1,1c2c3277fe4e527a,3,True,True,1,False,4.3154,1.0,0.0
3c2e86c53bd153b1,0d8be0069bd3bd4d,5,True,True,1,False,0.2126,1.0,0.0
a66177d792c1d459,6d34f127feed05d6,0,True,True,4,True,6.0807,1.0,0.6667
a246a4e716baf113,94f9089b50c53f8b,0,True,True,3,True,2.8009,1.0,0.3333
305be9d694fb4cb9,2d67e6d1dc173505,2,True,True,3,True,2.4162,1.0,0.3333
26e5c5da68975ae9,3f5cdfe3602d0ad0,14,True,True,2,True,0.4643,1.0,0.0
73697d79e64a4d29,8ddb769ec458b3e9,0,True,True,2,False,1.6895,2.0,1.0
73697d79e64a4d29,148c0e5571804d08,1,True,True,2,False,4.2017,22.0,1.0
51ab1f20a44608f7,2f8710714d63e4d5,0,True,True,2,False,0.4078,1.0,1.0
fdcddc9313330795,bbb2841442f493b7,1,True,True,6,True,0.3019,1.0,0.5
4d3f8f26eb91964a,f2b926333a22cedd,0,True,True,1,True,0.1866,3.0,1.0
1df814249eb8ad38,4cc1041ce06df1b8,6,True,True,3,False,5.6105,1.0,0.5
964103f05ca20e1f,5e5fdc391aa58106,0,True,True,3,False,13.1554,1.0,0.3333
cae2e253b048854d,5c31b824da7741f8,2,True,True,4,True,3.9802,60.0,0.75
a4eba2f2aadbc74e,3f0eab59fb42375a,0,True,True,2,True,3.4942,1.0,0.5
e471b1f146f5d62b,96e46f138918dd4e,0,True,True,4,True,7.1941,1.0,0.3333
bca50acfaf2d055a,f3bdb006445f526c,17,True,True,2,False,5.3404,267.0,0.5
bca50acfaf2d055a,61667b768478e09d,14,True,True,2,False,5.3423,1.0,0.0
bca50acfaf2d055a,a4b10174c5f6d73e,9,True,True,2,False,5.353,1.0,0.0
39646d9f0c2badd2,ff3949ee883da665,0,True,True,4,False,11.5209,1.0,0.5
86a733412d9adf00,2adea848f6ae6fd4,1,True,True,7,True,0.2244,1.0,0.2
22e043cbc6285529,36b4dfbe2f30a6a7,0,True,True,3,True,4.0222,1.0,1.0
6694cdb090e5829a,3c9bc5fcf8da42ad,4,True,True,1,True,1.194,1.0,1.0
dff1c02bd8d935e3,fff80a3dd97adc33,0,True,True,7,True,0.1468,1.0,0.0
451ee922a8fa2ada,9306be1342db0b8b,1,True,True,3,False,2.08,1.0,1.0
ad1cb5bd8eeeaa62,3d683971d0298aa8,5,True,True,2,True,8.9614,1.0,1.0
ad1cb5bd8eeeaa62,ce88b8fe5fe3a757,14,True,True,2,True,16.9936,1.0,1.0
ad1cb5bd8eeeaa62,6be4cc1876aaf223,43,True,True,2,True,3.6706,5.0,0.5
ad1cb5bd8eeeaa62,6e7a92bbc9e94f20,-1,False,False,2,True,9.6388,5.0,0.0
64687c257b226e47,4f984cfa7f7ca61b,-1,False,False,1,False,2944.5303,90.0,0.0
85d8e302576779c8,3bbf28568744017e,0,True,True,2,True,1.4793,1.0,0.0
7927ec31a0daea84,99d63614c3e6be80,2,True,True,2,False,7.314,1.0,1.0
7927ec31a0daea84,ce90f4562b57a61a,0,True,True,2,False,0.535,1.0,1.0
7927ec31a0daea84,2bbc30c69bb0bee9,1,True,True,2,False,12.196,3.0,1.0
978aed04e4159d1d,a99c19c10a0206f1,8,True,True,3,True,21.0962,2.0,0.6667
45c83d48ab851604,8e2e21c9158687bc,0,True,True,4,False,0.3794,1.0,1.0
34688077a33cff17,6d6936aefb634eb8,0,True,True,3,True,6.2682,22.0,0.6667
9096c94e37261707,6ed8b8ce29b80469,61,False,True,3,True,7.1949,21.0,0.6667
9096c94e37261707,15e46501a578f211,-1,False,False,3,True,17.2712,1.0,0.0
9096c94e37261707,c52825fdaade1bbd,2,True,True,3,True,22.285,2.0,0.3333
9096c94e37261707,4332e4f193f109a1,43,True,True,3,True,23.1181,4.0,0.3333
9096c94e37261707,4b6cb5d6a1ca67a5,26,True,True,3,True,19.5522,1.0,1.0
9096c94e37261707,bf246ddb003ee489,4,True,True,3,True,16.8177,1.0,1.0
ca6de641b1dd9d21,ca3c1237fa5b5705,9,True,True,4,True,1403.5589,1.0,0.3333
594eb3ef91402b00,365a22318dffbfc4,4,True,True,4,True,6.7113,229.0,0.0
b36fb4366fb0f2ba,eae97548af5220f4,7,True,True,5,True,0.1407,1.0,0.3333
cdba7ce2a6f21c7e,f3fb6437282e7f0c,3,True,True,2,False,8.9056,5.0,0.5
c390408419e46ad8,08ec2e1ff193ce1b,22,True,True,3,True,637.5596,1.0,0.5
1136846a081cf93a,c66805765252f2ad,0,True,True,3,True,0.6502,4.0,1.0
21ca3d94991d45da,bb14616978a6f750,1,True,True,5,True,43.9828,455.0,0.5
1b27150229c24b92,5810acfe5a140325,2,True,True,3,False,1.0473,1.0,0.3333
a25ce78473906f15,f72fb16c690de3d1,7,True,True,4,True,2.246,1.0,0.3333
c7d692805e26a460,4face5d1bc75b873,5,True,True,3,True,1228.86,1.0,1.0
f320cc3aa717f518,3f8cda77d914ab03,0,True,True,2,True,9.4086,1.0,1.0
f320cc3aa717f518,256909ca3a7dc018,58,False,True,2,True,12.2152,1.0,0.5
f320cc3aa717f518,4821687c2ce07d2c,24,True,True,2,True,8.7819,18.0,0.5
f320cc3aa717f518,5a5eca413f6544cb,20,True,True,2,True,6.8648,1.0,0.5
f320cc3aa717f518,8d64d1e41e3441ab,12,True,True,2,True,12.0521,1.0,0.5
f320cc3aa717f518,0b9118070a24279e,42,True,True,2,True,9.9529,1.0,0.5
f320cc3aa717f518,ed714b81ce07b95b,9,True,True,2,True,10.2523,1.0,1.0
f320cc3aa717f518,096d75a379486d8c,49,True,True,2,True,8.068,72.0,0.5
f320cc3aa717f518,0e3b04390a8810a7,15,True,True,2,True,14.2127,13.0,1.0
0882b9f230bda46d,027c6e22d399bb90,4,True,True,5,True,2.3942,1.0,0.5
6aeda75aafb998c3,4e4da977cc9ea2d0,1,True,True,3,True,5.9774,1.0,0.6667
dc7546a8c34d5aff,dac62658eeb4abcc,0,True,True,7,True,3.0024,1.0,0.2
e45f76fcae78759c,ec88876e58995b8b,-1,False,False,1,True,9.0466,32.0,0.0
acacd55c2037cf1b,0e2c92d841ab6e4f,8,True,True,5,True,7.5052,1.0,0.3333
9f9fbcabb91a8694,dcd65b928dd45a3e,-1,False,False,2,False,468.0238,3.0,0.5
bb7c5514d8e41b5c,309ff1353c9854c4,60,False,True,3,False,11.2205,1.0,0.0
07d074557e6167b7,d8d2d591e2e88c4a,0,True,True,3,False,27.6032,455.0,0.6667
0892a282a20dc81f,5105c38dda194219,0,True,True,2,True,3.8506,40.0,1.0
7f22dde3be301352,fe2c934d2be66604,27,True,True,3,True,2.8132,1.0,0.6667
f058af5bba64da49,f781a61f8451c242,0,True,True,3,False,17.6635,1.0,1.0
7a627e1139a997bd,cd2a7ebd622f52d0,0,True,True,2,False,6.8597,2.0,1.0
1168954e4e4dc3f9,c9f8bd40f2d536d0,41,True,True,3,True,2.1623,1.0,0.3333
af919e3f55215079,0eb00e56e9e92d32,5,True,True,3,False,3.7601,158.0,0.0
f2df2cd4963aee6a,9f153d5d91c05bb3,0,True,True,2,False,6.2935,7.0,0.0
32b39da92a9d1fca,333ddf0989e3396d,0,True,True,4,False,0.0948,8.0,0.3333
636bc86c1c3b8001,520604acaec49fc4,5,True,True,3,False,2.3503,1.0,0.3333
3d76fabd062d1d72,0ad614fe27d3344c,33,True,True,3,True,5.4034,1.0,0.5
68fd72637126fa35,4ba9684c5ce2921c,0,True,True,4,True,7.8292,1.0,1.0
8118ca3847beea1d,f054bdd8f6bf2cf0,24,True,True,3,True,36.4648,2.0,0.0
a126d4f07e09bf1a,39dde2d3c96a44e1,4,True,True,6,True,4.2259,1.0,0.25
ba39548f404a177d,d85c51bfef55eaaa,1,True,True,4,False,14.7855,2.0,0.75
4046d8f8e1dd3711,b9d82eec3a312991,0,True,True,5,True,3.574,1.0,0.75
c1718dfa183e90e2,57bec453db7300b5,1,True,True,2,False,0.6605,1.0,0.5
8ef7cf069c1e6b59,d6d48481691e2181,0,True,True,4,False,3.8425,2.0,1.0
29e2278219878bcc,ba91103e64c16622,0,True,True,2,False,1.3366,2.0,0.5
f2de406e0b451219,665e147916356cd5,0,True,True,4,True,8.8303,1.0,0.75
dcd27fc2484f7dac,e1439175248c6421,4,True,True,2,True,3.5263,1.0,0.5
435b00ff36b90cbf,1532572595471385,6,True,True,3,True,8.0303,1.0,0.0
e82bb9a4a94e5ed6,e9f31f9f64d23921,2,True,True,3,True,0.0,3.0,0.5
0c3e0924b491f351,cc9b6bef3d9e6dd0,-1,False,False,3,True,1406.6501,1.0,0.0
8c9d25c7ce2f5bc8,5ec24e7cf8616462,5,True,True,3,True,9.6521,1.0,0.3333
aba5f78cde93e70f,0eacacfd63393859,1,True,True,2,True,7.6008,20.0,1.0
04d6d2b7baa0f868,6829308d4fcd7f93,0,True,True,3,True,1.23,1.0,0.6667
27f8591d910309ad,f93d0fdc19b0b814,1,True,True,5,True,7.5445,1.0,1.0
50965b55d30a054b,b74d6a428682aad6,2,True,True,4,True,12.3134,8.0,0.6667
1a6225b43b061283,241d6e8654f74008,0,True,True,5,True,7.1376,1.0,1.0
b5ac303952215d8f,c054946fcfeca33d,2,True,True,3,False,0.5235,311.0,1.0
28e0a960ba5b6c88,2302746fb4be71bf,6,True,True,3,True,2.9698,1.0,0.3333
a5e3512adcaaab70,4e95a46667d8c78f,1,True,True,4,False,0.6361,1.0,0.3333
ebe3210dc0c4a319,32b5947b896647e2,0,True,True,2,True,3.3793,1.0,1.0
87ce4edea30e2780,a30a4b70721dfccf,1,True,True,3,True,1.5885,1.0,0.5
396bae7466407387,15b4465cc1994038,1,True,True,3,True,1088.3669,2.0,1.0
ee0fe465cb1ff36d,0c9421199a7bbaa3,0,True,True,4,True,5.1745,1.0,0.6667
8df9b3ab1d9957f1,0436d40dc62f2fba,6,True,True,2,True,7.1137,1.0,0.5
67d686ed3392991c,4b63faa5622c2857,0,True,True,3,False,1.4141,2.0,0.3333
125b1ca5009a776d,d2b0a5c37e0cdf81,0,True,True,2,True,1.3726,1.0,1.0
094067b22b78bec6,a76b604e5d37b2c4,1,True,True,3,True,6.2371,1.0,0.3333
456b3580401346cf,e1e9a28d4159e66f,0,True,True,4,True,2.1283,1.0,1.0
cad7c116f05cfbec,8995c285962f4fda,0,True,True,3,True,15.1223,1.0,1.0
24bc0986863ca8d8,ec76879af1647227,1,True,True,2,False,0.3068,4.0,0.5
201821ed761b1d3d,5d36c37e6cc0f56b,1,True,True,3,True,11.7617,7.0,0.5
16ffa7378005f246,70abf222b143d1ad,1,True,True,4,False,2.066,1.0,0.6667
c1959745df7c5353,4e6a86fe0749715a,0,True,True,2,False,0.1298,11.0,0.0
9c8d7fbafdde01ea,ff0570ee1688dec2,14,True,True,3,True,1.2649,33.0,0.0
e114cde36e6c2476,8922f2fb88797fbe,1,True,True,3,False,7.2095,6.0,1.0
7491e773c688f90f,5525917df0b4e0c0,2,True,True,2,True,3.0525,1.0,0.5
5b34916618ef01a0,7a6206a62e02d5ba,2,True,True,6,True,2.1277,1.0,0.0
98b53a1c0fe3f37f,a49b67e21205dee5,-1,False,False,3,False,3.3568,1.0,0.3333
7863021f96aa354a,3785e9d0b2a8df02,2,True,True,3,True,4.4467,1.0,0.6667
ca3f6f58482c680d,30050a5feb4df5b1,0,True,True,2,True,2.0103,1.0,0.5
53f36397cc2cd7c3,9f4267af7e074837,0,True,True,2,True,11.7689,1.0,1.0
53f36397cc2cd7c3,fdaf99a09ce8a851,3,True,True,2,True,16.5642,1.0,1.0
51e42374c1411eb8,2a04fdd931f85310,1,True,True,4,True,3.6996,1.0,0.0
105f31669e0b16b9,586618174d2f1125,3,True,True,3,True,6.2452,26.0,1.0
105f31669e0b16b9,949f5b4157dc61ad,0,True,True,3,True,8.1036,26.0,1.0
1798e614f6d825e1,7f4c7976d844fd4e,1,True,True,4,True,4.0838,1.0,0.6667
6c838ca050b0e062,2cedf757a21c889d,0,True,True,3,False,1.5515,1.0,0.3333
52bd9d9f4f31e594,2faa8282fa46e34b,0,True,True,3,True,1.3479,1.0,0.5
379b84998b9b2597,93dbbc1a05a6b0d0,0,True,True,2,False,14.3226,1.0,1.0
98a0cffc600c4d36,e8e2ad4599c8be40,0,True,True,4,True,12.6745,1.0,0.75
b37e003422d77ac7,687632f72ce500bf,0,True,True,3,True,0.0399,1.0,1.0
35add6754a48c8cf,825fd1b5a0277491,36,True,True,5,False,55.2909,5.0,0.0
5d4bb65d3166973e,37766c49a6d1235a,0,True,True,3,False,1.8104,2.0,0.6667
88e2263b323ae14b,5941f3034d15ed05,1,True,True,3,True,4.6795,1.0,0.6667
0dbba06ad1c2af58,5c25c3bb4e4070c5,6,True,True,4,True,13.9186,1.0,1.0
0dbba06ad1c2af58,cd3f91a1e8ebbe7d,3,True,True,4,True,14.8183,69.0,1.0
0dbba06ad1c2af58,54d86bc24b4558c8,4,True,True,4,True,18.9271,17.0,0.6667
0dbba06ad1c2af58,ea5798747e4ec53b,-1,False,False,4,True,18.8608,1.0,0.3333
0dbba06ad1c2af58,c6bc1b29633ea2c6,78,False,True,4,True,28.7242,10.0,0.6667
0dbba06ad1c2af58,43656ce5358bf20d,5,True,True,4,True,10.8318,69.0,1.0
6a7a2b72811864a3,256c72e0a27ada4b,24,True,True,5,True,11.9141,1.0,0.25
4b0a21a9e167c08f,ba29ad0303a3c255,17,True,True,3,True,102.1474,1.0,0.5
12d6128c85f32a81,9fffdf720f74cf14,9,True,True,4,False,6.7242,2.0,0.25
ee52af9face9f6e9,ff299b64c6115172,1,True,True,2,False,15.697,1.0,0.5
2baec86159616e8e,62e368ce67e2327d,5,True,True,3,False,0.5407,2.0,0.5
63f9b2707c3e9549,935ffc8f11e0dfcf,7,True,True,3,True,11.8393,1.0,0.6667
fa1b1bac1f7e6f72,49e564b3906b2848,0,True,True,5,True,6.9605,1.0,0.0
38cad988a8512516,fb40ed484ad1b426,2,True,True,3,False,0.0,27.0,0.3333
a1498ab66b8cf3f6,fff65814b99d7f86,1,True,True,3,False,2.1599,2.0,0.6667
45dab30038ed3448,dd776d596c56b5ac,1,True,True,4,True,6.343,3.0,0.6667
61924adc18365862,6e4f2ac252923a1a,4,True,True,3,True,5.9962,20.0,1.0
61924adc18365862,6504e0925015fead,2,True,True,3,True,7.2653,1.0,1.0
61924adc18365862,3800f9b42df592b5,1,True,True,3,True,3.3229,20.0,1.0
61924adc18365862,74b9afc48c9a0293,0,True,True,3,True,3.1945,1.0,0.6667
94ebef604fe067a0,a4b8e7efc3849815,1,True,True,3,False,3.6396,1.0,0.5
f98395ae00ffa072,c14819d696be66b8,-1,False,False,3,True,1703.1013,1.0,0.3333
e1ea91987c0b8344,153322c91aa5f84e,0,True,True,3,False,3.2427,1.0,0.0
bf516b272777b49a,c400daf163b58d25,3,True,True,2,True,3.9287,10.0,0.5
f3d7aadf69883bc6,2c3811fb1f3b6c39,0,True,True,3,False,9.4101,1.0,0.6667
2525bc9442b31db9,437aed631aad15d5,0,True,True,4,True,2.2731,7.0,0.6667
9532aaef48842e0f,7498012870383d00,0,True,True,5,True,4.4168,1.0,0.5
495c615882177ff7,faf33b4ab12444c6,2,True,True,2,True,12.3589,1.0,0.5
81af9489b459d88b,81eb67b20ff17b05,9,True,True,3,True,16.2157,35.0,1.0
9228812aa691aab3,00218aa3d0888328,3,True,True,2,False,4.7797,5.0,0.0
013cb4a7647023c8,d592f45476bb35cc,1,True,True,3,False,1.194,1.0,1.0
013cb4a7647023c8,40642b598717de4a,7,True,True,3,False,5.6125,10.0,0.5
013cb4a7647023c8,a5f0bde5a7dbaaa5,0,True,True,3,False,1.194,1.0,1.0
44406decd33105df,2ddf75d40cb00838,17,True,True,2,False,5.1954,862.0,0.5
0b92f44d62c6e463,c15c6c03dd27e0e5,1,True,True,1,False,0.2506,7.0,1.0
40e62ed46fbea1ec,227de159c4d882eb,0,True,True,3,False,0.3949,2.0,0.5
089826d8255350c9,f6e7e067449b3360,0,True,True,2,True,15.5661,4.0,0.5
5a1c8bc4d51d3190,8d8db0c2b4ea00e1,9,True,True,4,True,17.7723,1.0,0.6667
7281ea369fceb022,a16de5b51349f1b9,28,True,True,3,True,0.1468,2.0,1.0
7281ea369fceb022,5526a8743a617fe5,16,True,True,3,True,5.2192,2.0,1.0
7281ea369fceb022,d718b2b81c3c011a,36,True,True,3,True,13.3036,140.0,1.0
7281ea369fceb022,78e063825b2a005d,78,False,True,3,True,7.8689,1.0,1.0
7281ea369fceb022,47ecb870559e4b2e,19,True,True,3,True,0.7887,140.0,1.0
50aad214491007b1,5f4d796c8e8ae5c4,0,True,True,3,False,14.2765,1.0,0.6667
490981834eb44f70,81711df26ed843a9,2,True,True,1,True,6.7076,11.0,0.0
0dc072b9fb7fa4bf,9de30871100e7adb,0,True,True,2,False,3.0528,2.0,1.0
1dc21a9f53f08a37,012459084627265f,1,True,True,3,False,0.1468,191.0,0.6667
fe507e00822500cc,464e3263f222e0d5,0,True,True,3,False,0.0001,4.0,0.5
0fcfad764c71f45f,ab3315c47cd6226a,13,True,True,3,True,16.5767,1.0,0.3333
c540484b781ab458,d910ac6d6902c679,13,True,True,3,False,1.3424,1.0,0.3333
fe9ef6bd2c5995d1,6271b7b52a42f1c7,1,True,True,4,False,0.4628,37.0,1.0
7875883a4dc7c050,95581d87ab0c327c,2,True,True,5,True,7.7761,2.0,1.0
031bc491224da378,f115984bbf0a1ade,0,True,True,3,False,7.7163,1.0,0.0
0c11a72d9c9ee9bb,927fa15ea3e1a9c4,3,True,True,1,False,5.3786,1.0,1.0
0c11a72d9c9ee9bb,94dae729ec8431cc,-1,False,False,1,False,4.4509,1.0,0.0
0c11a72d9c9ee9bb,a4f0d134da9bc159,0,True,True,1,False,2.2303,1.0,1.0
d41f9bba9e60298e,592c9d48d1a28814,0,True,True,3,True,2.1794,1.0,0.5
d2e710302df9470c,3756fc3233baac5d,0,True,True,4,True,3.6027,1.0,0.6667
6e530a3e63ddb6d0,419a93d7e84c8f4d,2,True,True,4,False,0.271,6.0,0.6667
6fb0681211704648,c58aaf43321f79e5,2,True,True,3,False,34.3392,1.0,0.6667
846e9b08d1cad26d,1845055b384852f8,0,True,True,2,True,1.6906,2.0,0.5
71a55976653a6a1b,db313da98ccf96fe,0,True,True,2,True,2.1888,1.0,0.5
e1c2eb625a63aa5d,e6c6eb77991f18ae,1,True,True,7,False,7.2294,1.0,1.0
e1c2eb625a63aa5d,48fc13f82a6680da,13,True,True,7,False,5.8841,1.0,0.2
e1c2eb625a63aa5d,acba9284da73d867,5,True,True,7,False,8.1932,53.0,1.0
e1c2eb625a63aa5d,a10fe50ca0638956,8,True,True,7,False,8.456,1.0,0.6
2a3f3205e5b5f068,479087a6c7d43306,1,True,True,1,False,4.5846,277.0,1.0
1dd30779237f6949,0930f6741cacb6b1,1,True,True,5,False,3.1226,1.0,1.0
406c0657d3310654,b4cc6f6f09c2f240,0,True,True,1,False,3.6048,17.0,0.0
aa9912a5c0c07dbc,11d38b2de664fcad,2,True,True,3,True,19.994,1.0,0.3333
02a9231c8975bea7,8cb4743c0df9d788,4,True,True,3,True,3.7485,1.0,0.0
4e0761a0778e7941,94001169736432cf,0,True,True,4,False,6.1579,1.0,1.0
5fbf6567257edf40,a966e48df72e439f,14,True,True,3,False,20.6974,44.0,1.0
6b6c638a38130212,8959452820db4add,0,True,True,2,True,3.6776,3.0,1.0
eee3d7279784c225,a6e24a56cd47b1a8,0,True,True,3,True,9.2909,9.0,1.0
2b38e1967304bdff,97d8ab0e0a3dcd51,1,True,True,4,True,0.0001,1.0,0.3333
089adf2c9486c908,36ab411d6bf31f28,0,True,True,4,True,1.6313,1.0,1.0
6e6ccf1e68ec8f9b,b2da909cc5393035,14,True,True,3,False,17.0742,37.0,0.6667
db35ff4f3614eb60,4437f63343ddb270,1,True,True,3,True,3.2644,1.0,0.6667
e475ab325f8048d7,7acd1e2b39048ae6,1,True,True,3,True,9.033,74.0,1.0
8259de5bd871cbca,cd26e71c1cc01880,78,False,True,3,False,11.8109,1.0,0.0
8259de5bd871cbca,4d039512eaaf9f24,1,True,True,3,False,1.9797,1.0,0.3333
28c8a9df44c3e458,4ab3cd2a7bf1d83a,0,True,True,2,True,14.5611,2.0,1.0
80b9d44cfbcb9ef5,5f6cf27e4da12407,5,True,True,2,True,4.8962,2.0,0.5
994630902a776651,14db6ec085bcce93,0,True,True,2,False,0.6042,6.0,0.5
d4d09ee3dc5d26c7,b2670bfbd9f177ae,2,True,True,3,True,19.6397,1.0,0.5
5c2b823c07748fdd,745ba85f99cb5726,0,True,True,3,False,1.1819,24.0,1.0
5c2b823c07748fdd,224d748914b93aa5,8,True,True,3,False,5.4182,1.0,0.5
83253566230ff357,dca83f5f464554bc,10,True,True,3,True,41.1086,1.0,0.3333
d1ff49424d0173b7,70918a53938a7965,0,True,True,3,True,0.3109,1.0,0.0
6e4280da7c7a5ae5,7a5928e70567edd3,0,True,True,3,False,17.4977,1.0,1.0
0b5ad0243cdcd98e,9c47628cc4ee9f7c,1,True,True,3,True,7.2277,1.0,0.6667
85abf2f0712e17ad,179b5b1bc50ce526,2,True,True,2,False,34.0558,2.0,0.5
2bf404c01dd9196a,bd82e137cea325aa,5,True,True,3,True,0.4352,67.0,0.0
b19f9ece17dfa20f,356de5ddc3fa49f4,0,True,True,3,True,646.8704,1.0,1.0
d1589527ba0bc6fc,d451673976fd99b9,-1,False,False,6,True,26.156,1.0,0.0
7d5ef2aa2a3554ae,112c10b4a56012ae,0,True,True,3,True,7.5756,2.0,0.6667
0bd878ba5af9e40c,756e5425fd1c8697,0,True,True,4,False,0.2983,32.0,0.6667
1321a83e5ec35c18,49ed444a951e9def,0,True,True,6,True,11.8366,1.0,1.0
d80b81a56968dc07,c867e073a63bda85,0,True,True,2,True,0.1741,8.0,1.0
c4c1bab6ddbb0098,0057a9362ba25d4f,0,True,True,5,True,2.3773,2.0,1.0
c817e51f7aaaa4d3,7f16208b66170b8a,5,True,True,2,True,1.1785,1.0,0.5
e8e7f71cc0d0ada4,71c352c604e4e8ff,0,True,True,4,True,2.5657,17.0,0.3333
74025f78627665bd,336d950547ddae5f,0,True,True,2,True,0.0001,3.0,0.0
719e13e372b767e2,71557ad0f0d4a262,0,True,True,2,True,2.3529,36.0,1.0
719e13e372b767e2,feaa24fdb15dfebd,3,True,True,2,True,4.3126,1.0,0.5
8958c932df6842b4,247d32bbdb3236df,18,True,True,4,True,10.0777,65.0,0.75
1fc52f9eb34a45e3,6769d593689e75ef,-1,False,False,4,True,25.9529,1.0,0.3333
6a0dc700712d5887,01d3d8d202404461,1,True,True,2,True,5.8071,1.0,0.0
79041174847423aa,2df078b91082b01a,2,True,True,4,True,3.1093,1.0,0.3333
e89f8c3b996a30fd,5571973219b48e58,3,True,True,4,True,12.4634,1.0,0.75
e89f8c3b996a30fd,2a24704ad7ce7fb3,0,True,True,4,True,19.5336,26.0,0.75
19f644dc68cc39e0,183fca00e377480e,0,True,True,4,True,0.0,1.0,1.0
e355871e5a0d6aa0,7eb7e2cb77f2587e,0,True,True,2,True,4.9756,1.0,1.0
e355871e5a0d6aa0,1b0b8f187a7c2ece,14,True,True,2,True,6.5573,1.0,0.5
e355871e5a0d6aa0,cba3b13c5a4a11c4,16,True,True,2,True,9.4794,1.0,0.5
321a4494c2703635,9e01c491b7145b94,0,True,True,4,True,3.2086,1.0,1.0
321a4494c2703635,651a756e5f42fd84,3,True,True,4,True,10.2384,1.0,0.75
81c39fc05036eabd,e3477ea32f47ca3b,2,True,True,3,True,2.0676,1.0,0.5
29fdc6dd004513a6,ee69fa5417b914fb,2,True,True,4,True,0.4144,1.0,0.3333
d424251978055fb8,3e208d66aff8ee06,0,True,True,4,True,1.2978,1.0,0.3333
836ca915740af8e5,1bedc78e5741433b,0,True,True,2,False,0.7176,2.0,0.5
600465be9a6cfcd5,614c94fa5572da40,53,False,True,3,True,31.2763,1.0,0.0
600465be9a6cfcd5,c7310dd384e90d22,0,True,True,3,True,12.6584,1.0,0.6667
9f1c527c495cd1b3,fe81e8cd20953736,140,False,True,2,True,106.2631,4.0,1.0
c7ce441cf4e09829,49ef50c8f9fe4d55,11,True,True,2,True,10.015,1.0,0.5
b0b3e2bcc27c6c47,821a04cd652fbc57,2,True,True,4,True,15.6118,1.0,0.3333
8255875bbd965d04,452ba823401acb9e,1,True,True,3,True,28.1051,3.0,1.0
1778b0867ad5fbb1,25c716f3ec9389a2,0,True,True,3,True,0.9776,1.0,1.0
52756da1f70ac542,f8131e88f197cc1a,1,True,True,2,True,12.0837,1.0,0.5
2be6ca0a022b753a,c501e029b4a18bac,23,True,True,3,True,1.24,5.0,0.3333
2be6ca0a022b753a,80a76e425731d720,3,True,True,3,True,6.0557,10.0,1.0
2be6ca0a022b753a,fbd6e2039ee47a40,-1,False,False,3,True,3547.4739,97.0,0.0
0945283579cb89a3,b8d528cfc1203e65,1,True,True,2,True,3.6668,1.0,1.0
dd632db86e254d02,bd4df9c0f137085a,1,True,True,2,True,7.34,1.0,1.0
e600de17b055b0c6,b33140bbc8553b00,1,True,True,2,False,6.2744,6.0,0.5
ec64b831352404ec,7fa77d9b623c1fff,3,True,True,2,True,1.4833,13.0,0.5
5bc04bd8c182f7bd,09319c7eb97543ae,90,False,True,3,True,248.4218,134.0,1.0
5bc04bd8c182f7bd,f0be4cfb6cdc7525,8,True,True,3,True,4.0143,1.0,0.5
e1758fd53addd2db,93a2d72d7bc47698,4,True,True,5,True,24.4705,2.0,0.75
cbddd8334f40ac59,edf7b7ba889e7965,7,True,True,4,False,12.0265,1.0,1.0
842931146fe59ea9,5fccf3de01ae5b91,102,False,True,4,True,12.5129,1.0,0.3333
4ab87168edea7e7d,f98b40e3f17f4699,5,True,True,3,True,0.8675,1.0,0.6667
4ab87168edea7e7d,c19252f2cc385229,2,True,True,3,True,5.8201,3.0,1.0
00bbdeec28cbf66c,17cb5cc9eff6f5a0,0,True,True,2,True,11.6423,2.0,1.0
8c07aa2887b0644e,e620b21b0d4df4f8,33,True,True,5,True,38.1518,10.0,0.75
7a99b9d62eb64b68,1bd5860f19a068a5,0,True,True,5,True,2.0138,27.0,0.75
5f34cb1ed789d568,cde9c1def6842136,0,True,True,3,True,3.1507,1.0,0.5
caa09dbd88751bd8,2e5e8817afb80e2b,7,True,True,5,True,3.1974,1.0,0.25
a8d28f06376bc121,3c47e7c887bd6653,1,True,True,5,True,6.6112,1.0,0.5
6841a25daa0dfeb0,9fee6289a320cd31,0,True,True,2,True,0.0032,2.0,0.5
165a23e703dc9531,2bdf53e111822341,5,True,True,4,True,8.1336,1.0,0.3333
9984f1fe57e8e3a6,3e38e7ad6cf42618,53,False,True,3,False,1.9846,16.0,0.5
9984f1fe57e8e3a6,d28765fda801f1e8,8,True,True,3,False,5.5989,64.0,1.0
9984f1fe57e8e3a6,6afe53d268d98281,31,True,True,3,False,10.9885,5.0,1.0
9984f1fe57e8e3a6,97dbffec52dd1d00,102,False,True,3,False,11.5343,1.0,1.0
9984f1fe57e8e3a6,32458cb66a7fc92b,-1,False,False,3,False,12.2821,862.0,0.5
9984f1fe57e8e3a6,cde8d2a7cd6e69f5,6,True,True,3,False,12.8767,2.0,1.0
9984f1fe57e8e3a6,6ad9288ed814c34a,141,False,True,3,False,8.5887,1.0,0.5
f6f81653a353f04e,65296805b49e66c8,2,True,True,1,True,4.8006,8.0,0.0
19d8c6ea46e1602c,cdb3fd129e87284d,0,True,True,4,False,21.2416,7.0,1.0
19d8c6ea46e1602c,350c0e5ee41ed98b,18,True,True,4,False,20.1643,2.0,0.6667
3212e8e727eabd4c,2f3e733e96a1ece4,0,True,True,2,False,0.3691,1.0,0.5
66d63ebf5c9c0e09,131fb0d696b3d395,0,True,True,5,True,7.1842,1.0,0.5
9142dce2d146c8ac,aac0009a25c4e18b,0,True,True,1,False,0.9469,5.0,0.0
d47194b8cc186145,887e618f25d4405f,76,False,True,4,False,1481.0492,4.0,1.0
a25ea302dfc6ed17,4d15eb5716e646bd,0,True,True,2,True,2.3155,1.0,1.0
2d6ec89db5585d6f,e139fdddcc399f5e,3,True,True,2,False,0.0,1.0,1.0
2d6ec89db5585d6f,da77924086cd31b9,1,True,True,2,False,0.0001,371.0,1.0
2d6ec89db5585d6f,8ff3705b81bd111f,2,True,True,2,False,0.0,1.0,1.0
2d6ec89db5585d6f,73556cda425a04c3,5,True,True,2,False,1.2636,1.0,1.0
2d6ec89db5585d6f,665bebb3c57501a0,0,True,True,2,False,0.0001,371.0,1.0
2d6ec89db5585d6f,2588bb7b12c18be5,6,True,True,2,False,0.5177,1.0,1.0
03d0c373611c8926,e0aac19baf6e5d92,5,True,True,5,True,10.1687,1.0,0.3333
291bb34ed0f530af,7ddab0a01b4d14cd,0,True,True,3,False,1.4192,1.0,0.6667
e3f6891d3642b335,5624afb77af77da9,1,True,True,3,True,12.3875,1.0,0.3333
cd74191f3d97cddd,fa4880eafeea4c31,0,True,True,9,False,16.5394,1.0,0.3333
dbb9365fafd4d982,ece0ccc7f49e1a19,2,True,True,3,False,10.4697,1.0,0.6667
b91eaaefba706b66,784be767e6fa69d2,52,False,True,4,True,202.6073,1.0,0.6667
1f72705aed80ef51,f3d33642be07ea43,1,True,True,4,False,7.5369,1.0,1.0
e60f439a306ff60c,338d82aa0fe9d3ff,10,True,True,2,True,1.2978,1.0,0.5
e60f439a306ff60c,3686f8890a280d65,6,True,True,2,True,1.5712,9.0,1.0
e60f439a306ff60c,5ac4bc1c0efa949f,0,True,True,2,True,3.3228,7.0,1.0
e60f439a306ff60c,732d3436eb12c844,4,True,True,2,True,1.2976,1.0,1.0
e60f439a306ff60c,69b1a4e4ef1bc17e,11,True,True,2,True,5.7972,1.0,0.5
e60f439a306ff60c,c845852930aea53e,2,True,True,2,True,3.8076,248.0,1.0
e60f439a306ff60c,400f4c59009072ee,3,True,True,2,True,1.2976,1.0,0.5
e60f439a306ff60c,ae717b9107b6e78d,5,True,True,2,True,3.0259,3.0,1.0
e60f439a306ff60c,0c7eb44212a1a7cb,9,True,True,2,True,2.462,7.0,1.0
ca0f831bf86bc727,2218df5f409361e3,0,True,True,3,False,3.3593,1.0,0.5
7396ec32b35e08d9,e75ebbf294e37bdf,60,False,True,4,True,18.0008,1.0,0.0
3e77c235559a5f20,ec45038c0362a1eb,4,True,True,3,True,4.5286,2.0,0.0
7b14a233ad79d6bd,a13787696cdff8ea,1,True,True,6,True,1.2039,35.0,1.0
98497a84f5eeb67f,8e255bad2acd2554,5,True,True,3,False,0.7469,1.0,0.0
cd25b537567328d3,6a340531a0cf750c,10,True,True,1,False,1.7414,1.0,1.0
cd25b537567328d3,0e717d3793779c7f,16,True,True,1,False,4.3137,1.0,1.0
cd25b537567328d3,3b077be168ccbfbd,17,True,True,1,False,10.766,6.0,1.0
cd25b537567328d3,6ab5a1b405cc76fc,11,True,True,1,False,1.7626,1.0,1.0
cd25b537567328d3,30ed7350d6f490cf,0,True,True,1,False,1.7626,84.0,1.0
7367831cd2d6c861,0837c2abf0761b67,11,True,True,5,True,8.2499,1.0,0.6667
91a3fcd048c5a647,1c948cf60c5752cf,1,True,True,3,False,25.3885,38.0,0.0
f2fc9c55c3dad054,d37ff4102871ef66,0,True,True,2,True,3.1853,1.0,1.0
2c4ebdbbd64143d2,e1ebfbf1663b2cfc,1,True,True,3,True,5.4871,1.0,1.0
b36591d7a9d8712a,66cde6006bc52a3a,0,True,True,2,True,1.1506,7.0,1.0
817b00cc62001aa9,b4b55852edae8541,1,True,True,4,True,1.1719,3.0,0.3333
a2c27d007cca2d71,5c1aecee85848f21,1,True,True,3,False,7.6332,1.0,0.6667
deb79811df4f0787,f59f17b86557f617,3,True,True,3,False,7.9521,1.0,0.6667
f1c9fb3666ec0394,2e1b81be4ba2ca3c,2,True,True,1,False,1.1062,1.0,1.0
f1c9fb3666ec0394,ad26461b56763cfd,1,True,True,1,False,1.2299,1.0,1.0
f234358bda560222,f2ea4ba40f03ed73,1,True,True,4,True,22.5623,1.0,1.0
ae749fca007c2a18,077146d11d8710f2,5,True,True,3,True,3.4816,275.0,0.5
7351ca08bc8b8722,8bc3e650fd4af2d2,13,True,True,3,False,1.0233,2.0,0.0
7351ca08bc8b8722,33a105d02cd62fd1,21,True,True,3,False,5.9962,11.0,0.0
bd9bd6266150cab9,229617909effb002,0,True,True,4,True,1.5352,13.0,1.0
0bb884bb63b54883,cca654b713f06623,5,True,True,2,True,2.86,1.0,0.5
8a458d55bf3c1f73,ec1c81b1e7e58a4b,0,True,True,3,False,3.3403,1.0,1.0
56d2ccb1315ab429,0a1d41dd483d4be1,6,True,True,5,True,11.0307,1.0,0.25
40faddd887f0a099,fcce5879483d6bbf,1,True,True,4,True,0.0001,2.0,0.25
fa95ac4bb998a4a7,87b8f3ce63c7a7d8,1,True,True,5,True,1.345,1.0,0.0
d8fd749dfd220250,3f08a33081f5ad4a,0,True,True,4,True,13.1337,2.0,0.6667
5c5b8f5cbf1f1171,67b5316377e7f8ac,16,True,True,3,False,93.8382,2.0,1.0
732d749558b76967,814980d7985f34da,3,True,True,3,True,13.4917,1.0,0.3333
732d749558b76967,eb7cd714cad3fad2,15,True,True,3,True,15.8042,2.0,0.0
f40bd2a0bcadbfba,15327e5e33b590f0,2,True,True,3,True,5.726,1.0,1.0
e8b48d589fb7301a,c9e2a8191500bcdb,0,True,True,5,True,10.1569,1.0,0.25
39d3d33550215655,a9cd2f7c0cedd388,0,True,True,2,True,0.3111,4.0,1.0
39d3d33550215655,2c4cbb4a5ebfef0f,44,True,True,2,True,0.3111,1.0,0.5
39d3d33550215655,f179776a2780be4c,6,True,True,2,True,0.1468,1.0,1.0
39d3d33550215655,764bc1c5ee485cb9,7,True,True,2,True,11.2807,1.0,1.0
b53fd5ec388ae8c2,772b10cd9d9fe30b,2,True,True,4,False,4.8282,86.0,1.0
88621809790dce2b,a61969f15bde3224,4,True,True,3,False,1.2291,36.0,0.3333
b947e08d1138fd16,464aebefd8d67f9c,2,True,True,3,False,1.5056,9.0,0.5
a82e19c3a57a95de,2e880fe9c3dce3aa,43,True,True,2,False,80.8887,1.0,0.5
cd48684ac44c80c0,882cfcd5d4c211c9,5,True,True,3,False,5.4631,1.0,0.3333
862402fa4f29ac8f,12d23cbb09f0b40b,0,True,True,4,True,8.8811,1.0,0.6667
3a5d71073f3a91d0,4f78d179f1146f53,2,True,True,3,True,3.1897,1.0,0.6667
5ed21c8413111f73,3a5a3b6ba9deaea4,-1,False,False,1,True,21.321,162.0,0.0
5ed21c8413111f73,70d3b039adc2ca2a,7,True,True,1,True,7.6126,1.0,1.0
5ed21c8413111f73,ec69c1faef05232e,-1,False,False,1,True,20.3946,1.0,0.0
5ed21c8413111f73,c9dd7b746a0e6e2b,-1,False,False,1,True,10.4076,1.0,0.0
5ed21c8413111f73,886bc477f7dad8a0,0,True,True,1,True,3.9754,35.0,1.0
338fb1999ceeb6c7,eba71159175f1602,0,True,True,3,True,4.6986,9.0,0.6667
b7673e7d925bd407,3fbd55c98a270522,1,True,True,3,True,7.2162,1.0,1.0
475fa196958b15e3,36dc15c3a9f5a2dc,0,True,True,4,False,1.1079,1.0,1.0
475fa196958b15e3,842e18d42ddb468e,1,True,True,4,False,3.3966,1.0,1.0
22525812a36e3f9c,5ffe62fea01319a4,0,True,True,1,True,2.3163,15.0,1.0
2b4049bea9715877,f942ae1aa8be97f3,0,True,True,2,True,2.6629,1.0,1.0
8fa608bd6e352b91,f4880425334dd01f,5,True,True,3,False,5.2775,1.0,1.0
13bbf1552fad1205,e0cdfbf76869b3f5,3,True,True,5,True,7.7727,1.0,0.5
0ea76d96a971f79a,88b327451aa3e5a8,0,True,True,3,False,8.9714,3.0,1.0
105b77c248f54cf1,3bccb5a791581cdc,22,True,True,3,True,3.8076,1.0,0.0
58f90e52e782afbd,bbde7f0403d30e10,1,True,True,4,True,5.0629,63.0,0.6667
3e9a818b594671e6,76d67457884d6bb4,1,True,True,5,False,5.8033,10.0,1.0
4e6eef69f5a69e15,8c09c451f2929514,6,True,True,4,False,11.2292,9.0,0.6667
4e6eef69f5a69e15,1625dc78ebbcf27c,193,False,True,4,False,392.0235,14.0,1.0
b3fbb7b177969809,ba74d63e658b8a99,8,True,True,2,False,0.6866,1.0,0.5
9f5e7b4cc5a4697f,92268de715817014,0,True,True,2,False,9.3277,1.0,1.0
3f9070cd8eb2a566,dba55f6ffe3dde13,0,True,True,2,False,0.6987,1.0,1.0
0af46d891e4a9b6e,5810118a63bb0d3f,1,True,True,5,True,6.0297,1.0,0.75
c752c99e745c6703,9f3d9f4e085c9b8e,0,True,True,3,False,3.9148,1.0,0.6667
a2388c317e3c77e3,00d59e1d5cb61561,9,True,True,4,True,30.2612,6.0,0.75
aaf3b331889c27b0,9ae6a5794c90818f,3,True,True,4,True,1.2433,1.0,0.0
9343886edc9d03e9,953bbec0d24b3af5,6,True,True,2,False,7.1428,1.0,1.0
9343886edc9d03e9,98015bff146bac89,8,True,True,2,False,8.264,7.0,0.5
9343886edc9d03e9,4e730a9ec300cdc5,1,True,True,2,False,3.2915,1.0,1.0
9343886edc9d03e9,15f31a9bc8ccb72b,0,True,True,2,False,0.9678,1.0,1.0
f8c92c51554f1881,4a0d70de142bf221,0,True,True,4,True,2.4278,1.0,0.0
3915cf3a20bb6ef7,7e0baa8aa83df2a1,0,True,True,4,True,0.3111,1.0,0.6667
472aa9aee1cdcd0b,6026672109fd7a3f,3,True,True,3,True,5.658,1.0,1.0
88c0d303218673f6,3d5cd787189bd9e7,0,True,True,3,True,6.3336,1.0,1.0
13b600162ab7fbe4,4fa5f932c0c38182,1,True,True,5,True,1.7656,64.0,0.5
f12faa2707152254,f09923f6d666b5c4,0,True,True,2,True,4.3147,1.0,1.0
1d214d00784a9d28,8af6c1d6909a1795,0,True,True,4,True,1.2813,1.0,0.0
b833616151d7d31e,b5d105a7dfad3af0,0,True,True,2,False,3.5525,6.0,1.0
ffc7713776e37fa9,c4c2ba57bf5670c0,2,True,True,6,False,0.0006,2.0,0.25
ffc7713776e37fa9,006259d4f3e2e937,0,True,True,6,False,1.3214,1.0,0.75
02a66f23c86625bb,fceb12c2fab663fb,0,True,True,3,True,8.4037,1.0,1.0
4eaeb8d14a468dc7,7bf127fc3bdbb7c8,6,True,True,4,False,9.0738,40.0,1.0
4eaeb8d14a468dc7,c8cd203c15ab19b3,1,True,True,4,False,1.1725,6.0,1.0
4eaeb8d14a468dc7,bbaf04ef7ac154e9,5,True,True,4,False,5.8702,40.0,1.0
cac000c89b1df21b,a80bbfdf7ffd65fe,-1,False,False,1,True,648.9056,1.0,0.0
9ddd38fdf82d5af9,5eca1c49ac7abbfa,1,True,True,2,True,0.0502,4.0,0.5
87827186e9c0507c,b35b9770ae1b6871,3,True,True,1,True,0.4576,24.0,1.0
87827186e9c0507c,689f5752d1eda2c7,4,True,True,1,True,3.3297,1.0,1.0
87827186e9c0507c,76697aa58a2f53a0,59,False,True,1,True,5.6272,1.0,0.0
87827186e9c0507c,f5987e357f0a7246,24,True,True,1,True,23.5606,1.0,1.0
87827186e9c0507c,6d073a9baa82af40,1,True,True,1,True,0.2888,4.0,1.0
87827186e9c0507c,971276d0795d1c1f,6,True,True,1,True,5.1994,1.0,1.0
87827186e9c0507c,dd89c0111c4d0444,8,True,True,1,True,4.7007,286.0,1.0
4304ff996b4fd73a,f58b8861113bf407,0,True,True,2,True,10.6735,4.0,1.0
458437549a2957cb,12d24a5697762943,3,True,True,5,False,2.7708,1.0,0.25
73d6bf6a408f2a56,371287cdda4487b6,0,True,True,4,False,0.7045,1.0,0.5
62660aa8acde8911,d43e23867224dae1,0,True,True,2,True,1.6896,2.0,1.0
bb390291f83b57f4,b3ecbae704158d94,0,True,True,3,True,9.8517,1.0,1.0
f6839afa08ffb574,601c95a448652e0a,0,True,True,13,True,0.4328,1.0,0.5714
d424a2ed2e9d66af,374e7a65ced64f44,-1,False,False,5,True,6404.6425,1.0,0.5
8cf1ecfdc14374f5,8b75a5acaf250685,-1,False,False,3,True,2922.6767,1.0,0.6667
899a1ecccc089130,08afd66ba657c55c,6,True,True,3,True,20.701,5.0,0.6667
2d6c138799c67876,ee3016af154e63a1,17,True,True,2,False,13.2238,1.0,0.0
ff2b8f2a4edf46a3,f75107f81d298722,0,True,True,2,False,0.2657,2.0,1.0
39b57946c74f89b6,2de95eff4b702186,0,True,True,3,True,0.287,1.0,0.6667
5c8433ea6e009bf9,2208f5b65a88193e,1,True,True,3,False,4.6618,1.0,1.0
6addc035641ac9fb,f3134b6f901d0a30,0,True,True,3,False,0.3073,335.0,0.6667
69e881c63d602dfe,cc196acb1aa0e86b,13,True,True,3,True,405.6682,1.0,0.3333
813cab0a826d86eb,df28dfe792671e87,0,True,True,3,True,16.4872,1.0,1.0
608cd314bd41186f,329ff84220316cf3,8,True,True,4,True,38.4206,1.0,0.3333
1cda297ea756bbb9,418160ab9d06c513,4,True,True,3,False,0.5342,1.0,0.5
04b423abf191556d,e2d3567c6220083c,0,True,True,4,False,1.2978,1.0,0.75
ef2ba67b4c7da200,00d93d2601a5b02d,2,True,True,4,False,13.6139,1.0,0.75
a08d974f27e335b1,9309b0f6d0d62c3b,3,True,True,3,True,7.4644,15.0,0.6667
7640b11b168ca898,25c9c9ac23924c10,0,True,True,2,True,56.9576,1.0,1.0
7640b11b168ca898,12103b6c0ae524ba,1,True,True,2,True,56.0601,5.0,0.5
bcefb5030125f73e,66c1b60d01f628a4,0,True,True,4,True,1.0474,4.0,0.6667
9bc31a71efa21bad,a0293cf94420f837,4,True,True,7,True,3.8258,158.0,0.0
c868b3452a48d072,15f905a100f213af,0,True,True,2,True,1.1506,4.0,0.5
1e95a3a26cb86f63,67a694a8fb73ad5f,6,True,True,2,False,14.5817,1.0,1.0
bbb188eb3d2040e1,aa78a66e89c7e739,13,True,True,2,True,619.8951,1.0,1.0
d07976bfeed68a88,ab8641bc52339012,1,True,True,3,True,5.485,20.0,1.0
d07976bfeed68a88,763cd54e00d689f7,0,True,True,3,True,5.526,20.0,1.0
e2a00e24990683ae,09b999dcac7a912b,2,True,True,3,True,10.346,1.0,0.6667
da21af325524a6eb,6c4d2c376bff54f1,5,True,True,3,False,24.07,17.0,1.0
58f7b42c621e5986,22e1d1cd8b55a428,0,True,True,3,False,1.3121,5.0,0.6667
28a9ed7f525a9207,da0d9720cd38eadb,1,True,True,4,True,3.0251,1.0,0.6667
2da016d9e67156e0,251999c63c767977,0,True,True,3,True,0.0006,3.0,1.0
4ea24ded037279e1,fc229347785d903f,11,True,True,5,False,5.4832,1.0,0.5
00a9674538629e1c,5ec33ce00ad689ae,2,True,True,3,False,15.1676,1.0,1.0
4adf23992a4bb6c4,ab7db16e5a3c2dc9,4,True,True,4,True,0.7867,13.0,0.0
4f5c18e3416b907a,ff809874bad1c2cc,0,True,True,4,True,2.5809,1.0,0.6667
fa4e31c8d4239ac5,75651de4bd2c863e,2,True,True,4,True,9.7211,1.0,0.5
227381414c3a7b03,c5aaca3375111c60,0,True,True,5,True,9.2722,1.0,0.75
d34c1237ffbde368,f4a7002113c8d8fd,3,True,True,4,True,0.1741,44.0,0.0
385556c0ec03df0b,9055a686e9356312,0,True,True,3,True,9.3867,1.0,0.5
48c2f87c9819a28e,48ac6bdd3d9888c3,3,True,True,3,True,9.2073,1.0,1.0
824b1618ba0932e6,27d8bd494a6fec01,15,True,True,2,True,4.6106,1.0,0.0
be35b7efaf08b9e0,e37b7915fd8365ee,26,True,True,3,False,0.0656,1.0,0.0
f1098fc3954bb171,efa079c58d37bfea,-1,False,False,2,False,68.9042,14.0,0.0
2f80212cc1a21e79,5361c357700a42ca,3,True,True,3,False,4.5954,22.0,0.0
0c8a88b9b713bc68,3a582e0c3092e7c7,69,False,True,2,True,15.1182,1.0,0.5
cd5da773c8694f8f,91cc8b9ff5053cd5,3,True,True,3,True,6.1885,1.0,0.3333
cd5da773c8694f8f,6bf257bc40b08338,32,True,True,3,True,7.9007,1.0,0.3333
2a6d4516dcf743f1,df4ce10fa2050209,1,True,True,2,True,16.6403,1.0,1.0
2a6d4516dcf743f1,f3e2cb440436a7c2,3,True,True,2,True,10.1569,1.0,1.0
1b3b21e5bc8644ed,9ae6c2ad9b96a487,0,True,True,2,False,2.3509,18.0,1.0
9a36bc266a3d640d,97c7eb35a5d82caf,31,True,True,1,False,0.5234,1.0,0.0
9a36bc266a3d640d,694d9b9356633b8b,13,True,True,1,False,0.535,1.0,1.0
9a36bc266a3d640d,a7c3f5455039ccbb,22,True,True,1,False,2.2289,1.0,0.0
9a36bc266a3d640d,d34199b7cf7a5409,2,True,True,1,False,5.2395,1.0,1.0
9a36bc266a3d640d,b8e295190fefca68,9,True,True,1,False,10.0063,1.0,1.0
9a36bc266a3d640d,68c5ad338e7f8ee2,40,True,True,1,False,6.6862,1.0,0.0
9a36bc266a3d640d,621523336e9eec70,10,True,True,1,False,12.9553,7.0,1.0
fe8fb09b0431bc13,063501f5774ff32c,5,True,True,5,False,2.7212,1.0,0.25
fe8fb09b0431bc13,084d6ec5d8ad4072,3,True,True,5,False,5.4042,1.0,0.5
856714a7226a4dfb,b982f6e44a1d8ee5,2,True,True,3,True,12.3979,1.0,0.6667
ae0eaa6d3142f7f4,c6d963c40ccc8c52,1,True,True,4,True,5.3993,1.0,0.0
ae0eaa6d3142f7f4,2add084f76da6b7b,-1,False,False,4,True,9.2954,1.0,0.3333
ad2e4f0011195a5c,64f8d2c242511331,2,True,True,3,False,4.9462,1.0,1.0
74dfd46b150bb5f2,e0b9d52ef78c0231,1,True,True,4,False,3.981,1.0,0.0
74dfd46b150bb5f2,12bbf623df153b6d,0,True,True,4,False,1.855,2.0,0.25
0b8647866e8346d6,86a7c7f33952d6b5,0,True,True,2,False,4.8798,1.0,0.5
526d35fa129856e8,4f15fb6ab4c29674,2,True,True,3,True,3.4661,1.0,0.5
1e6c36166cc4be14,994b97a1a600bb7c,0,True,True,2,True,6.6807,1.0,0.5
749f940df21c59be,8078e5e695bef3e8,2,True,True,3,True,1.1949,1.0,0.5
1a35513c09aa1f1a,4b92e7557e49e0a5,2,True,True,6,True,9.6354,1.0,0.4
d4a4d37df4816ad6,a589ded0f6f97aa5,2,True,True,7,True,1.1051,1.0,0.1429
1952566b9b12beda,4e1199070b20d918,0,True,True,3,False,4.4017,1.0,1.0
47f3de69e8166120,df922236513cab33,3,True,True,2,True,6.027,7.0,0.0
b4807f7b1d070f24,66f2d9093f2aef16,6,True,True,2,True,4.2188,17.0,0.5
b4807f7b1d070f24,8aeddeb8a3404f82,2,True,True,2,True,6.0639,72.0,1.0
662194fd6872ffb0,64386c4721589780,0,True,True,3,False,0.6709,38.0,1.0
639028478062a4a0,24866b8b70bcc3f2,0,True,True,4,True,15.1612,3.0,1.0
fd0b4a6d5eff0f5e,3e3072c4e5d99db8,1,True,True,4,False,3.9484,1.0,0.25
78b225d0bcdcbfbe,8ee8115ad16f667e,1,True,True,3,False,0.4104,62.0,0.0
739cb7221842987f,7b03a4a6544363c7,4,True,True,4,True,72.6672,7.0,0.3333
a1fc1f96a07ee924,3c7f0866664c46e8,0,True,True,2,False,2.0566,2.0,1.0
f7e042ac04e1338a,20ae53279d284374,-1,False,False,3,True,17.1904,1.0,0.0
01ed1ef69340a090,8611182509f0e665,2,True,True,2,False,6.3064,1.0,1.0
fa9acc2fc44dd83f,6622a34c5ed06c9e,8,True,True,2,False,3.4367,53.0,1.0
fa9acc2fc44dd83f,578f9ebcf8f0a7e9,31,True,True,2,False,4.2743,1272.0,1.0
fa9acc2fc44dd83f,ab6d32e5e88250fa,17,True,True,2,False,3.8199,86.0,1.0
fa9acc2fc44dd83f,ff37aab03c884ac5,14,True,True,2,False,5.6423,1.0,1.0
fa9acc2fc44dd83f,1bcb41786546e2d6,5,True,True,2,False,4.7532,1272.0,1.0
8e2f0ef76d639173,034e9c71fa335a21,3,True,True,6,True,7.6691,98.0,0.75
128397d18794104d,f4e1abd75c326046,35,True,True,2,True,7.5688,1.0,0.0
f234883ef79a7405,65a0581db08ee157,1,True,True,3,False,3.5689,1.0,1.0
f234883ef79a7405,d2cd0c6daff6e8c9,0,True,True,3,False,1.7205,2.0,1.0
c5a3af7d72960fcf,1f9535d5edd9da71,7,True,True,4,True,2.2875,275.0,0.0
6ef81630e33c4f6d,6b5c5d8242f43098,1,True,True,3,False,5.2191,1.0,0.0
fc000ebc18a3ea55,5497fef6eada08ec,3,True,True,2,True,0.839,1.0,0.5
313ea9162ba61f8b,2de020d1a2b14cd9,1,True,True,5,True,1.2976,3.0,1.0
b2066e42562ac35d,d19bcf5196760338,4,True,True,4,True,19.9167,1.0,0.3333
b2066e42562ac35d,f626aca663f68753,2,True,True,4,True,21.0963,1.0,0.6667
f79984876c611a39,d309ccd5615fde1e,0,True,True,2,False,0.01,52.0,0.5
29511cf5ae0269e0,b28bd9c418a1d5c9,0,True,True,4,False,3.028,10.0,0.0
95d0a0bae09512dd,a448abf70b08c271,0,True,True,3,True,4.1229,1.0,0.3333
f4de2305877decc0,45809984010c5ef4,0,True,True,2,False,1.0134,4.0,1.0
a54c3062217b4db5,db66599e19856577,0,True,True,2,True,8.5158,1.0,1.0
a54c3062217b4db5,609f39b450b576b6,4,True,True,2,True,2.5062,1.0,0.5
27a7200769a1ed16,40388366a3a239d8,1,True,True,2,True,5.7615,1.0,1.0
296d631c651fabee,79c89e3404290350,0,True,True,2,True,4.2529,2.0,0.5
7f1340de8b933afe,efff0409fd65e260,0,True,True,2,False,1.1956,4.0,0.5
59f7f967315297ce,1d5a4305a4a50fff,0,True,True,3,False,0.9805,5.0,1.0
7db23b4e4c66b640,1f95107454ba9329,2,True,True,4,True,18.4977,1.0,0.3333
aeec1e4b72b5316b,c5e2ccc4428f217f,0,True,True,3,True,4.1325,1.0,0.6667
cea8472a9d9b551a,49c6aa1d4a09ea17,0,True,True,5,False,2.8995,1.0,1.0
cea8472a9d9b551a,f2d402390cce87da,1,True,True,5,False,3.8255,1.0,1.0
911728bd48c77bdf,b6689be2936fbac4,0,True,True,3,False,3.2774,1.0,1.0
43c7222801dc286d,db3507332281fde8,3,True,True,3,True,18.211,1.0,0.6667
8feb677b6190dbe1,b94b8101278caf98,6,True,True,4,True,1228.8598,1.0,1.0
40d6501c36021f82,2e699f706c69c341,13,True,True,3,False,7.7938,18.0,0.0
577febf0ebf5cb64,c330d825273c6678,0,True,True,2,True,0.2189,2.0,1.0
6a4c2bafc828f42b,2cbcdaa115b062c2,1,True,True,2,False,0.3258,272.0,0.5
074ed8e87d62567b,2fb064ef8fb10ffd,9,True,True,4,True,0.0002,3.0,0.0
177ab13b2e6f0193,bfce6238c166f485,3,True,True,4,True,2.8819,1.0,0.6667
f4dc42979ad6c0ef,833b1527b25a0947,1,True,True,2,True,3.4601,4.0,0.5
499e9d59bd05410a,4f2b0de19cf933ef,2,True,True,4,True,4.2853,1.0,0.3333
9564b5d857610ea2,8c388123f437fd58,0,True,True,5,False,3.577,1.0,0.75
bf9295bb2e21daca,ca4500cec884c719,16,True,True,3,True,4.0874,1.0,0.0
4d0a2431c595b258,520d56e53f6a69be,2,True,True,5,False,6.763,1.0,0.75
cb5e7800e3676f0d,795e59eb809dbab1,0,True,True,5,False,2.7684,111.0,1.0
f30e3f982da03d63,08094ab0f87cbf94,0,True,True,2,False,0.0002,1.0,0.5
3eac18484285b158,51caba7d2b60381e,0,True,True,1,True,1.6618,25.0,1.0
8bf3947b07e75ac2,b34b19c12a0abb82,3,True,True,4,True,2.6075,10.0,0.6667
8d17a314d3b31e51,9f7f46e7e297876c,1,True,True,4,False,3.49,1.0,0.6667
8d17a314d3b31e51,a7b1ea57ff3b4c0e,2,True,True,4,False,12.6006,1.0,0.6667
421a63d5609e03d3,ce172bb0905688af,0,True,True,3,True,1.9189,1.0,1.0
fa2ec6f9a4f90049,d35a75f40d636732,0,True,True,5,False,0.1468,1.0,1.0
655c55e070a800f9,90cd30be04dc6fbb,-1,False,False,2,False,3.2642,1.0,0.0
a8893ed9b540a51f,90532e8c649168b1,0,True,True,2,False,5.9395,1.0,1.0
82a9d67a1265647d,5f90c1685acf53c4,9,True,True,2,True,5.3027,1.0,0.0
8f344fd6e54c1168,47136f6b15f0a773,4,True,True,3,True,0.0759,101.0,1.0
7a988551e9598d13,7c846e10d35e05b8,1,True,True,2,True,19.2151,1.0,0.5
7e59f7bb4079604b,f976cb7c731af74d,0,True,True,2,False,1.6896,3.0,1.0
9777f464bddb4e57,ea081a3186490375,0,True,True,3,True,0.1468,1.0,0.5
668f80c3c91871dd,a2e05bf574a6c149,12,True,True,6,True,11.6476,2.0,0.6
17c006d65515841d,a776b42e2687381e,0,True,True,2,False,1.1506,17.0,1.0
17c006d65515841d,f937054556d17568,1,True,True,2,False,1.1506,191.0,1.0
b7596f281af7c684,fa2de0064934df55,7,True,True,3,True,10.7674,1.0,1.0
4da709c62850a573,494d87c26accb537,0,True,True,3,False,2.0472,1.0,0.3333
d45faab1bd32f07e,2414b4733d732398,0,True,True,2,False,1.4908,12.0,0.0
0d280093c2641672,d5a0f1c6f75d2569,5,True,True,2,False,4.2633,7.0,0.0
f3b85ada864f9de9,0df553aa3d4fd346,-1,False,False,2,True,147.5498,1.0,0.0
f3b85ada864f9de9,d9d3f7a5456629dd,-1,False,False,2,True,6.4741,1.0,0.0
07e86bdcb44431d2,6f6014e641f2665b,0,True,True,2,False,2.8541,7.0,1.0
de7a45c5e6720f2e,22d1e9d26cf5e6c4,0,True,True,3,False,0.7045,1.0,1.0
b3b79fa9ff5c3e61,bf34f142dd206bac,13,True,True,4,True,3.5319,12.0,0.75
e8eeb2f307bb88e7,5eca4d668316e84e,0,True,True,3,False,19.4423,1.0,0.3333
817b49c66ce84a96,57add4c3bfbc34ac,34,True,True,6,True,20.4403,1.0,0.0
7667f12c854f0335,ff9bff70d51aed57,41,True,True,4,True,14.8677,1.0,0.25
03ebfcd36a20f88f,888cedc1172315b4,4,True,True,4,True,0.5351,1.0,0.3333
6338ce26c5c6347b,67153a6ac2e5354e,21,True,True,3,True,1.194,1.0,0.6667
268d53e761072584,2af18abc3f21b87a,14,True,True,3,False,11.081,1.0,1.0
268d53e761072584,0be23b02bd85c19e,-1,False,False,3,False,25.7668,1.0,0.5
eb88802f80f6ef36,82cea4393e8b9f0f,0,True,True,4,True,0.839,1.0,0.6667
9f187615d8d322f6,1a1ee5730a884269,0,True,True,4,True,16.559,1.0,0.6667
e7fba658bda0297f,50ca336469310147,11,True,True,3,False,17.8055,1.0,0.5
f418ccd79ab62e55,86a2685512f3b3da,13,True,True,4,True,5.4649,1.0,0.0
7fcb699e2db9d123,c650d9f7cca90698,4,True,True,2,False,8.1351,335.0,0.5
5eaa09fe0a5191ec,6fda96460d171ff8,2,True,True,5,True,15.6163,1.0,1.0
d080018a26623dd3,3c59d3fc729e534a,1,True,True,7,False,10.7083,1.0,0.4
eb22c57700c70706,506370e5f2fda445,1,True,True,3,False,15.3047,1.0,0.3333
fccd0a518cc94f86,f75049c39f00311d,3,True,True,2,True,13.3021,1.0,0.0
fb95b577fabf41b4,b22dbf4f24555355,2,True,True,1,True,4.1473,1.0,1.0
fb95b577fabf41b4,68ad374ac8c4977e,4,True,True,1,True,5.1569,1.0,1.0
eebea59d5a81a860,f638066275b58772,2,True,True,1,True,0.9041,44.0,1.0
e036690d82cafb17,0ac3099dc0e16c14,1,True,True,3,True,9.1821,1.0,1.0
ba93b9f36849ac46,c72fd936db9254c2,55,False,True,6,False,8.9987,1.0,0.5
17b93e3c8fcfef18,6ccb3b627845e105,9,True,True,2,True,3.3998,20.0,0.0
17b93e3c8fcfef18,58e0e2f6c18f9c1b,2,True,True,2,True,16.7051,4.0,1.0
17b93e3c8fcfef18,293142d62ed1788d,1,True,True,2,True,4.0704,1.0,0.5
140b2029b6a0b8dc,1f1c9b27699ae397,0,True,True,2,True,7.1599,1.0,1.0
b2fa1a728cee3f40,345724e32c6d7769,1,True,True,4,False,1.0936,47.0,0.3333
00076336205d5d40,9744ff96b53bb488,0,True,True,2,True,0.0488,1.0,1.0
6c759c4b1739e34c,a987536d2de491af,2,True,True,3,True,14.4968,1.0,0.6667
7e2976a6594ff859,a23c770eab4d0c8e,0,True,True,3,True,1.8455,1.0,1.0
0923601fd86e36d8,d3cb5a17a2c10634,2,True,True,3,False,11.0862,1.0,1.0
184e8d9733cc5b5a,520f75d1839ec1f6,3,True,True,1,True,3.8834,1.0,1.0
184e8d9733cc5b5a,b230826e1f9ba9d6,1,True,True,1,True,6.1227,1.0,1.0
cc442dfb18c9acb2,4755e4463d4e0da8,3,True,True,3,True,4.9497,1.0,0.6667
05a30f9d241ce0cb,c24f72f31cbe3857,12,True,True,4,False,43.0657,167.0,0.3333
acfb9ab093756bae,1272c6e9a5726e70,0,True,True,1,True,7.4876,1.0,1.0
12ade883b67fa990,4fe75a0905499b2d,0,True,True,4,False,0.0188,12.0,0.0
34b82b4821d6c717,af539b3a77cf0628,1,True,True,3,True,2.4255,1.0,0.5
a9df10db1d3f7982,9effae338d3530f5,0,True,True,3,False,5.2642,1.0,0.5
a9df10db1d3f7982,7bf54494d7918c6e,1,True,True,3,False,0.9834,1.0,1.0
16a865929a4f560f,358b9fcc6d3af7d6,0,True,True,2,False,3.9121,1.0,1.0
0d9f4160078e3101,64a482be6b9af061,0,True,True,3,True,1.4379,1.0,0.0
02873b55870b4c94,6b574a5944fda31c,0,True,True,3,True,0.706,1.0,0.6667
608f3b61faa66bde,e962c87589b18119,0,True,True,3,True,9.2818,1.0,1.0
37f0e53e66c6d277,095b3527064b8c40,0,True,True,3,True,10.3637,8.0,1.0
b70234c7169d8d8f,b6927130e21329c6,6,True,True,4,False,2.8962,1.0,0.6667
471823f03822aa33,64ae66f4e2322628,2,True,True,2,True,7.3585,315.0,1.0
d599b4f42d1e8a7a,48d979bccfb90897,1,True,True,4,True,8.4174,20.0,0.25
b82f4c6f7f728573,66619a2c2b6a41ca,0,True,True,3,True,2.5887,1.0,0.5
245d25d570f1a5c2,52eb8ff3516475db,0,True,True,4,False,5.1183,1.0,0.6667
b49cafe293ca9332,394c196391f6a0a2,3,True,True,2,True,3.4103,1.0,1.0
13cb290b09c36b46,8fb354099bea2e3f,7,True,True,4,True,0.7152,1.0,0.0
4a9be2b1f8cdbfbe,4111824905fa2cbf,4,True,True,1,False,5.4939,39.0,1.0
4a9be2b1f8cdbfbe,bc95834a8fb6e7d3,6,True,True,1,False,8.4188,18.0,0.0
4a9be2b1f8cdbfbe,d7e79ebd420b4593,0,True,True,1,False,2.333,1.0,1.0
4a9be2b1f8cdbfbe,3e7e58b4e855d13e,3,True,True,1,False,2.5131,69.0,0.0
e6c0bb53ef923beb,9b64527616c9a03d,1,True,True,4,True,5.9845,106.0,0.6667
e6c0bb53ef923beb,cba9768ee380ee41,3,True,True,4,True,116.4746,1.0,1.0
461e400ce4589b97,3499c594455df423,1,True,True,1,True,2.8259,2.0,0.0
461e400ce4589b97,a4ed12d7b884110d,0,True,True,1,True,2.8259,1.0,1.0
ec8f4b286960da0f,cdb89c2db5ae1d0e,0,True,True,2,True,3.8423,1.0,1.0
ec8f4b286960da0f,b44d7ae786d4e1c8,8,True,True,2,True,3.3865,4.0,1.0
ec8f4b286960da0f,a4b4deeccad71316,1,True,True,2,True,1.5993,1.0,1.0
ec8f4b286960da0f,37a20528f7126664,14,True,True,2,True,3.9952,6.0,0.0
ec8f4b286960da0f,3e21c9ef9a598104,2,True,True,2,True,4.8691,1.0,1.0
ec8f4b286960da0f,f1e67e58d8a7a23c,6,True,True,2,True,3.9747,4.0,1.0
749ae7abc9968993,d938d4e0b1737a72,13,True,True,2,False,10.4648,1.0,1.0
749ae7abc9968993,3bee5b32e451a3a0,18,True,True,2,False,11.6953,1.0,1.0
749ae7abc9968993,be94ed17c23c5ed2,17,True,True,2,False,6.7494,2.0,1.0
749ae7abc9968993,1d507201b6a68916,12,True,True,2,False,11.7505,1.0,1.0
749ae7abc9968993,5c5ffbe5ce03b8bc,10,True,True,2,False,6.6443,1.0,1.0
749ae7abc9968993,0b65ca76eafee7ff,6,True,True,2,False,1.8221,1.0,1.0
749ae7abc9968993,7b22414b16df7948,5,True,True,2,False,0.2125,2.0,1.0
749ae7abc9968993,ca030e0f67626b1f,15,True,True,2,False,11.0772,1.0,1.0
749ae7abc9968993,deae0685085f0569,16,True,True,2,False,10.7105,1.0,1.0
749ae7abc9968993,b8155e779ee3fda3,20,True,True,2,False,10.6073,2.0,1.0
749ae7abc9968993,3820fde39b086119,1,True,True,2,False,4.0435,16.0,1.0
749ae7abc9968993,e69c3d8dae502470,8,True,True,2,False,3.8732,2.0,0.5
749ae7abc9968993,975c0544579670d7,3,True,True,2,False,5.3481,1.0,1.0
749ae7abc9968993,c74c77728cdf1e33,0,True,True,2,False,2.5209,1.0,1.0
749ae7abc9968993,6eb585de10464c18,21,True,True,2,False,11.7194,2.0,1.0
749ae7abc9968993,472d796a86bb4c36,11,True,True,2,False,4.2181,1.0,1.0
749ae7abc9968993,afdd3c14fc4e83f8,14,True,True,2,False,11.8489,16.0,1.0
749ae7abc9968993,da45230d5ce323b5,4,True,True,2,False,1.824,1.0,1.0
749ae7abc9968993,2716c792964f89b7,2,True,True,2,False,10.9166,2.0,1.0
749ae7abc9968993,70732d2f4ea96262,25,True,True,2,False,11.7196,1.0,0.5
749ae7abc9968993,930b564e63217269,19,True,True,2,False,11.2495,1.0,0.5
dff10143c665fa7f,b724e1f1a22c719a,10,True,True,2,True,6.9585,1.0,0.0
d22e1d05688c8cf3,baed3f2f68220047,0,True,True,3,True,3.904,1.0,0.5
27f3779f8adbbf9b,f90efb38cd92b8f0,2,True,True,4,True,8.6179,67.0,0.6667
eff09552ee8e4ff2,f00aa562bf750983,1,True,True,2,False,0.7542,2.0,1.0
0f8b10a06a33b921,bc597fca46450454,0,True,True,2,True,0.967,2.0,0.0
14190115e1ce490a,d96780cef31354b7,6,True,True,4,True,10.7082,1.0,0.6667
14190115e1ce490a,90c230282fac80a8,0,True,True,4,True,9.1718,9.0,0.6667
14190115e1ce490a,8f41b4af2ee6c5ff,2,True,True,4,True,1.9583,1.0,0.3333
fd96f5e64c4e2035,ae49c7ece2f2894f,1,True,True,3,False,0.223,1.0,1.0
0f19c1bf3b18d5e0,3ac0728b6e098d6b,0,True,True,4,True,1.144,1.0,0.6667
2ae23d3106ba32e0,f512fb5d983e8b66,0,True,True,4,True,5.0605,1.0,0.6667
65f1d7f124c0cca0,fb206bf02e1d9ca1,0,True,True,4,True,0.0006,1.0,0.25
e1aa415ea1228b9d,3f5d37c0fd42e073,0,True,True,3,False,2.6485,1.0,0.5
bdb0df8b87b19508,a2256bc9c3d8c83f,0,True,True,3,True,0.1468,1.0,1.0
bdb0df8b87b19508,e7d3f52eb5937b05,5,True,True,3,True,3.3401,1.0,1.0
e94281ac7769a803,1d39de965a821dc6,0,True,True,2,False,3.657,12.0,1.0
4eb4967f5523d20a,71759c7603277745,6,True,True,4,True,8.1079,1.0,0.25
9d7570ad1da7314d,81f708d084f2fbcd,2,True,True,5,True,1.1174,3.0,1.0
831d2de8fd4be9bf,3dda63623cfe0b9c,0,True,True,2,True,4.1578,1.0,0.5
a20ac7cb309a296c,cf180dc564c7e713,0,True,True,3,True,2.8602,1.0,0.6667
95d9ae849de76cde,b63e4139b13e1520,1,True,True,4,True,5.8643,1272.0,0.5
ca0db21d1cc6504a,c499b5d46f4e171c,-1,False,False,2,True,0.425,9.0,0.0
2c74f8cdada08616,89d038e0543df72a,7,True,True,3,True,1.2067,1.0,0.5
e7aff13c7c3b5b42,7f5e1ba4b8c059bb,2,True,True,2,True,6.5065,1.0,0.0
11a7527c921d5198,2c16866f0b9456db,3,True,True,3,False,5.6456,1.0,0.6667
06ece2ef0e7500e2,f5125de93d31eb8b,-1,False,False,2,False,1956.5131,1.0,1.0
8e59bfd284802c45,72f736d7e16e947b,0,True,True,2,False,3.3974,6.0,1.0
68ca3222fe8393c4,8972090540bf2be0,1,True,True,2,True,4.8073,1.0,1.0
9c5a21515ca7b318,bccbb722d2715f69,25,True,True,4,False,36.1538,1.0,0.0
cfc64de3462949c6,a3412cd71b356744,0,True,True,3,False,12.4941,2.0,1.0
bda33c13ac7d7a3a,66c02d4d2b64764e,1,True,True,4,False,11.3369,1.0,0.3333
59722300aaddf11b,684ebdc416b76964,2,True,True,4,False,26.9041,1.0,1.0
703e7d5853a9ff14,12bb61f7a1638c3d,3,True,True,4,True,5.7311,1.0,0.0
703e7d5853a9ff14,b37262c8c5bd214a,16,True,True,4,True,9.5832,1.0,0.0
aff5cd3aceefb306,ba12f20fbae8040c,0,True,True,4,False,1.0035,1.0,1.0
cd439297f616ca24,f2934c7da20ff128,69,False,True,2,False,2.5089,39.0,0.5
d56ef90304171ced,6f6334044954b981,8,True,True,2,True,1.5031,77.0,0.5
d56ef90304171ced,86f619d4652dea57,2,True,True,2,True,0.7046,1.0,0.5
d56ef90304171ced,47c89eb25bbc1f36,4,True,True,2,True,2.2938,269.0,0.5
703e76ac8fd33f55,13de5c60247f1080,2,True,True,2,False,4.5144,17.0,0.5
a39f658e248faf9d,11ac8ef1205090ae,17,True,True,3,True,8.1477,1.0,0.0
a7484e8390433d95,00fc9ee11a3bcc62,5,True,True,6,True,12.2822,1.0,0.6
54e7b12470233b72,a356aa824f7aa974,0,True,True,2,True,18.828,1.0,1.0
d960bdfcff1cca43,7986541f03cedd6b,5,True,True,5,True,17.2828,1.0,0.5
fd2190be6e5de50e,421ce5231a3da9ad,7,True,True,4,True,25.128,1.0,0.6667
22b27a9743a4d4ff,9bed11f428b44a94,0,True,True,4,True,7.4523,1.0,0.3333
b20111f42372ae73,697501cf54f2f42f,2,True,True,2,True,11.2527,5.0,1.0
adec4b8e90219f7c,14bfd426d555aa2c,0,True,True,3,True,7.0479,1.0,0.6667
6d0821cda0d94cb5,19d33e5c00cdaf01,1,True,True,4,True,5.644,1.0,1.0
6d0821cda0d94cb5,d00e4f6515373479,0,True,True,4,True,0.5321,1.0,1.0
0873191fe25a582b,9781ee96c0704662,0,True,True,4,True,10.0293,1.0,1.0
98787cfb65c780fe,10505840eaf0fef0,0,True,True,3,False,0.1956,63.0,0.5
39a395f7cafa5e96,b43cd7d174c82c0a,0,True,True,4,True,1.4378,1.0,0.6667
84750dc26d5ae63d,ddd509ede82b68fa,1,True,True,3,False,4.1165,2.0,1.0
3a089ee23beedc90,78b9747528ef6dbe,1,True,True,1,True,1.9235,1.0,1.0
3a8b29bbe1b9478a,ddaeafbf340e8b0e,7,True,True,3,True,4.0045,1.0,0.5
3a8b29bbe1b9478a,0ae0e96907e4d269,8,True,True,3,True,1.6895,1.0,0.0
3a8b29bbe1b9478a,938f3f0e39202928,0,True,True,3,True,1.6895,1.0,1.0
3a8b29bbe1b9478a,6913279ee3d82ba1,2,True,True,3,True,4.5537,1.0,1.0
3a8b29bbe1b9478a,d9d9570afdc15eb3,1,True,True,3,True,1.4302,1.0,0.5
3a8b29bbe1b9478a,5597dbd0c257f52c,6,True,True,3,True,3.4525,1.0,1.0
ae69cea22b64529a,1b9bbac523d598d5,0,True,True,2,True,3.7228,1.0,1.0
ae69cea22b64529a,79412ea24af310f7,1,True,True,2,True,1.8712,1.0,1.0
dc9fe635a44b3f50,dd2a7a9198948f3d,1,True,True,3,True,8.189,1.0,0.6667
6b9ad9ef8ce7ff44,c1a8d089d0c169d6,0,True,True,4,True,2.8123,1.0,0.0
007929006bc11911,afcf22b58ee0f1fd,16,True,True,2,True,6.1663,1.0,0.0
007929006bc11911,8c1fe9844f720ed1,0,True,True,2,True,1.531,1.0,1.0
007929006bc11911,60224c76f580d303,1,True,True,2,True,9.2835,1.0,1.0
51ac273298bdf589,5d52473d11bc07c8,1,True,True,2,False,15.1946,1.0,0.5
47e806a2d2e0c334,a2c769b21827f219,1,True,True,3,True,0.5402,1.0,0.5
2d893b3a7d16f578,f05cd4ac82b7a66c,7,True,True,3,True,5.7946,3.0,0.6667
f29555112da33daf,a41963473b2715da,9,True,True,4,True,1.6935,708.0,0.3333
25bf1c285b31827b,9eec2ffa5818b2d6,2,True,True,3,True,3.4687,13.0,1.0
40eccaf8f9466b95,5722d1ea48be3a5a,0,True,True,3,False,6.9206,20.0,0.5
226ef8567664d54b,b81a49d0f23a5e03,0,True,True,2,True,4.2531,1.0,0.5
afa1ac85d3b68952,7a4123ab0b27235d,0,True,True,2,False,3.6372,1.0,0.0
98a1e74f49824cfe,c92ea65a13c7fb34,0,True,True,3,False,0.7938,4.0,1.0
98a1e74f49824cfe,711542c39877c86e,8,True,True,3,False,4.1595,708.0,0.5
98a1e74f49824cfe,d99e3d3ad83daeff,42,True,True,3,False,4.057,708.0,0.5
98a1e74f49824cfe,85b1961c9b0b9aae,1,True,True,3,False,4.443,9.0,1.0
44919668fd3dbb2c,b5ffa1545f3a1d8f,9,True,True,4,False,18.9808,1.0,0.25
51eb17995f6b6b1d,a7fd77143d859a97,0,True,True,3,False,3.7852,2.0,1.0
8142679a20e635b0,3a978fe5bd23c7eb,0,True,True,4,False,3.4308,1.0,0.3333
83a3d621121e9efb,b37e5c71d5ad361e,0,True,True,4,True,2.1563,2.0,1.0
83a3d621121e9efb,3358ba8e9979e901,8,True,True,4,True,3313.993,2.0,0.3333
86fee790881ddefd,9d1947ab0436113c,0,True,True,2,True,0.4543,1.0,0.5
44a2c0a123e4b2cb,36436a72e2949f27,37,True,True,3,True,20.4079,1.0,0.5
44a2c0a123e4b2cb,7e8040f205879b24,0,True,True,3,True,4.992,7.0,1.0
1aa1924611eee416,d029c55ee6d740ef,2,True,True,3,True,5.6417,1.0,0.5
b478109f37faecf5,251073a56fab7811,21,True,True,2,True,2.6515,1.0,0.5
90ced8cb5c265c11,23f1b95e638e7444,0,True,True,4,False,7.289,3.0,1.0
5c8629198ca9a9e5,0ed6100b0a7dc6b9,0,True,True,4,True,6.7813,1.0,0.6667
628b1dc4dbe5a0df,ff818ade4548c943,3,True,True,2,True,1.3012,1.0,1.0
628b1dc4dbe5a0df,38bbb7fafbba3af5,2,True,True,2,True,6.6953,1.0,1.0
628b1dc4dbe5a0df,65295b1a318737d6,1,True,True,2,True,5.4759,10.0,1.0
fb069bf72e92b301,74f5a2b5cd9669a8,8,True,True,2,False,3.3901,136.0,0.5
fb069bf72e92b301,b4523f375be38cb5,2,True,True,2,False,7.7569,1.0,1.0
fb069bf72e92b301,efcfef9c4083f7a1,48,True,True,2,False,27.8559,29.0,1.0
fb069bf72e92b301,4f09a7fdb0f94113,35,True,True,2,False,8.784,275.0,0.0
fb069bf72e92b301,2291b4345d8b0450,36,True,True,2,False,11.1244,1.0,0.5
fb069bf72e92b301,bc056c8e67f9e9a8,0,True,True,2,False,3.6212,65.0,1.0
fb069bf72e92b301,11c2378e9b2463c1,7,True,True,2,False,8.0036,10.0,1.0
4e2b4b219da60e60,abae16764ba36ff4,0,True,True,2,False,4.0773,1.0,1.0
c565b494b91eb214,0c996f0717cb9261,1,True,True,3,True,7.9373,1.0,0.0
bcd86eec516386f9,ac8bc66a1fcd6634,0,True,True,3,False,1.1928,1.0,1.0
c2a056fbab47edf2,eee2d7d7233919c6,0,True,True,2,False,7.4353,1.0,1.0
5d2b640aede61cf1,793819d55f0c34ca,0,True,True,3,True,0.9479,1.0,1.0
df9fbeb2a039528b,99ecb1e74b353b26,1,True,True,4,True,2.4486,1.0,0.5
c5316b8d7ad3de15,a4dae66af6776302,0,True,True,2,False,0.0558,1.0,1.0
bc22d8cc93b8d03a,06f9754cb35e5953,2,True,True,4,True,9.291,1.0,0.0
e233e71d0af64633,91c892484aad15b5,7,True,True,2,True,0.8702,1.0,0.0
192ad95f38f3ff4a,e7aff8aa4ab13e78,4,True,True,4,False,11.4015,1.0,0.75
0f022673fb1b1b3d,5e91568d53deae30,16,True,True,2,False,3.9068,1.0,0.5
0f022673fb1b1b3d,6f2b486844ffd5af,6,True,True,2,False,11.8001,88.0,1.0
0f022673fb1b1b3d,cd3eb7730565a095,5,True,True,2,False,5.1744,162.0,0.5
0f022673fb1b1b3d,259cb78b4268390b,26,True,True,2,False,2.2435,1.0,0.0
0f022673fb1b1b3d,ae9bc29b9cbc0800,17,True,True,2,False,9.5615,2.0,1.0
fc1f88465090c3f9,3065a4381cfd8264,0,True,True,4,False,0.8379,1.0,1.0
5ba55b1af00c8160,fb70a08055201d6e,5,True,True,1,True,5.0031,102.0,1.0
843adbee9d6b67b1,2cffb7df667b3e5e,1,True,True,3,False,3.8049,1.0,0.3333
57af642e454d2f5a,d8b91ec7328ce540,0,True,True,5,True,0.0487,33.0,0.75
8abe5b22b91294ce,90393f463a5f72e0,4,True,True,2,False,10.2259,1.0,0.5
e5387875bf2e2fa4,d728ceefbac7abc3,16,True,True,1,False,11.3386,1.0,1.0
e5387875bf2e2fa4,b2e32929ca91074e,0,True,True,1,False,2.5561,65.0,1.0
541cc1e3feae8698,e12c6486a826cc37,1,True,True,4,True,13.6451,1.0,0.3333
cf1bee9b310fa776,95bc3264853f432e,1,True,True,2,False,3.1996,18.0,0.5
e7210284cdfefc11,fb60bf89c624a044,3,True,True,2,False,0.535,1.0,1.0
8ec1ab02fe9c66c8,6e005fa4c828eed3,10,True,True,4,True,4.4122,1.0,0.5
d4a5afa44395bbad,8b32ba5fbe7377e2,5,True,True,4,True,3.9709,1.0,0.0
98f9e3656d6f2278,84fb9bc6d0952d5a,10,True,True,4,False,17.6375,1.0,0.3333
01b353bd6654be6c,4055fae6662fe989,1,True,True,3,False,0.4181,1.0,1.0
46749bf5001cfef3,0228a941d81b0a75,5,True,True,3,True,12.4208,33.0,0.0
a57b6d27820b394b,e4cc6c36bad6089d,6,True,True,3,True,0.0001,1.0,0.3333
3a98587bcc53a89b,97cc3e0b0dd31711,2,True,True,3,True,16.0211,1.0,0.3333
12741f71b8200cad,109a61159ff963aa,0,True,True,4,False,13.703,1.0,0.75
9d88438c27972732,38487f6dc37b575b,1,True,True,5,True,4.0121,1.0,0.75
de349ccacde0c7b8,28963d5cd1dd9425,0,True,True,3,True,1.6895,1.0,0.3333
3f07f0a4ca8a40bc,71fea6d08c9a2b09,16,True,True,4,False,4.9222,277.0,0.6667
cd077e512da5c53f,eab944ba334d3882,0,True,True,2,False,5.4895,1.0,1.0
6c74ff711c524068,39068881479c3a64,19,True,True,8,False,1195.753,1.0,0.6
817b2044a548d8ae,34516bfc240324e1,-1,False,False,2,True,7.6788,1.0,0.0
b581d71817d7d45c,0d791c20abc1c5df,0,True,True,5,True,8.0881,1.0,1.0
ad7c7b21fc694a80,1b7a186e05815b13,14,True,True,4,True,16.5941,1.0,0.3333
4a8c96988667d88f,40453604c0f14126,0,True,True,2,False,6.689,1.0,1.0
0ffaa0fd3f34f63b,08494e8f9db2759d,41,True,True,4,False,16.1689,3.0,0.0
71d5dfc5adca4a66,1764adf163a6c4b5,0,True,True,4,True,10.2827,1.0,0.3333
da5ba67bfcc588ba,0351e1374265eb28,4,True,True,3,False,17.1315,2.0,1.0
da5ba67bfcc588ba,9397bacccb3c86b9,0,True,True,3,False,2.4317,65.0,1.0
da5ba67bfcc588ba,70c6a4d6208a4756,12,True,True,3,False,7.8239,1.0,1.0
da5ba67bfcc588ba,2a4af3cc3cf9d1f6,18,True,True,3,False,25.7332,86.0,1.0
da5ba67bfcc588ba,fc958f1733818cae,30,True,True,3,False,14.4888,1.0,0.3333
da5ba67bfcc588ba,fd88a4874a9d10d3,19,True,True,3,False,16.6695,1.0,0.6667
da5ba67bfcc588ba,2c8d72c9418e5d35,14,True,True,3,False,16.1211,65.0,1.0
8f199cb7e08674d6,eb89189951de1219,3,True,True,6,True,1.0159,3.0,0.0
8f199cb7e08674d6,e1c24d81c4ab2e0b,0,True,True,6,True,0.459,1.0,0.25
b802eee5aa4d0f1e,f65bad4cce7de1fc,154,False,True,2,False,168.2676,4.0,0.0
931db485abdf447c,49d4119550afe93a,5,True,True,5,False,8.7861,4.0,0.25
48480387984547a4,baffca9ab6d5a691,2,True,True,4,True,4.7584,1.0,0.3333
1ed3f9d4e54b956f,9659124befe9354f,1,True,True,2,True,24.211,4.0,1.0
670bea136b5e3e82,c07095c70753fe5e,0,True,True,2,False,1.8331,2.0,1.0
b3e8dd8dffd4a7fc,4a2338577361e6e6,0,True,True,5,True,2.8147,2.0,0.75
10e5a408df43f8a5,9593ce8d68b5682e,13,True,True,6,True,9.5486,1.0,0.8
4787768e79e7945f,1ca70cefdb2d6312,1,True,True,3,True,9.9537,1.0,0.6667
61a804ae11c51daa,73a689be7e0af09a,1,True,True,2,False,22.6694,1.0,1.0
56de1c56b265656c,0969a7c4f2bebf43,4,True,True,4,True,9.3158,1.0,1.0
6472d5c51063601e,4156a62f1539a255,4,True,True,4,False,8.0105,2.0,0.6667
62b2eeae0196d854,2087173604cc54fe,18,True,True,3,False,12.1869,41.0,0.3333
ea3d77a48de25fce,84e78550fdd890b6,1,True,True,2,False,13.1241,1.0,0.0
ea3d77a48de25fce,cfe5422573e24efe,-1,False,False,2,False,19.5591,1.0,0.0
9ae9a5c9d51898dc,c02bdeeae7f998ba,1,True,True,3,True,3.9323,1.0,0.6667
9ae9a5c9d51898dc,4169930d95a2138a,2,True,True,3,True,7.1994,1.0,0.6667
b2069e096f060ab6,4554d15270ee40d3,1,True,True,2,True,2.2062,1.0,0.5
4949be7f41204ae7,f29b8d9a18bf8bac,19,True,True,2,False,14.5943,1.0,1.0
6bf3015cb27999fa,e6a35718deb02fa6,4,True,True,2,False,11.8357,1.0,1.0
8f9c64adc530bc84,0e5cdb15c34d5633,1,True,True,2,True,1.0105,1.0,0.0
55c4ac5eea0947a7,7fdc5be0fd1ac727,0,True,True,6,False,3.3834,1.0,0.4
a0209c1900851465,229d6fa8cbc01062,2,True,True,2,True,12.488,1.0,0.5
db9b6c2897c8d63b,eafc8a12728b4fed,1,True,True,2,True,1.5985,1.0,0.0
597c64bdc8810e02,217c14378def78c8,0,True,True,4,True,2.1944,2.0,0.3333
2c9eb315a0b316ea,6c218243804a448e,0,True,True,3,True,0.1468,1.0,1.0
9b08b276da3f2c85,b564f054489da57b,0,True,True,6,True,4.3839,2.0,1.0
0318bdbec72fede2,42becd7eaa6fd50e,3,True,True,5,False,0.798,6.0,0.3333
6515b55dbd051b9e,7f6da51afeed4bf3,-1,False,False,3,True,18.6265,1.0,0.3333
37f78638a8c5cfa9,810d216746aa3cb9,-1,False,False,2,True,834.0541,26.0,0.0
7273623fd22dafd7,f433961c05ccbef6,0,True,True,4,True,0.5867,1.0,0.25
0cc045c76f438fdb,f4a88ef763d51304,1,True,True,2,True,2.0503,1.0,0.5
0cc045c76f438fdb,5f6787e6af1f0598,0,True,True,2,True,2.1026,1.0,0.5
c63e67d5f53429fd,50dcf5b3327fbde8,0,True,True,2,True,0.2043,2.0,1.0
c6f8cf5e34fbc1ff,f88e27ac1a7a4892,0,True,True,2,True,1.41,1.0,0.5
73ebcb9f578aa469,f6f07fb296183ea9,1,True,True,4,False,6.0708,2.0,0.0
bb1cbb77baaf9cc8,a858d8dffc39a4c9,0,True,True,4,True,3.3274,2.0,0.75
2ef9403e1b46dfe4,c936d60700e6dd75,3,True,True,1,True,4.6851,78.0,1.0
a3261df4706e72e4,b445c936552edf22,55,False,True,3,False,9.479,4.0,0.0
b497dec75aa282df,9d8f065e2654ef9c,2,True,True,4,True,2.8599,2.0,0.3333
5d0ff5998ee6f79f,632bbe3e7126f22e,-1,False,False,4,True,21.455,1.0,0.0
d33aa3f4c278758e,1da641d32d85592a,0,True,True,3,False,4.0336,3.0,0.0
7ff43845751e4244,b78139ff389e27df,3,True,True,2,True,11.8552,1.0,0.0
2240cd00bb8213aa,83ccc1658b7c87b8,4,True,True,2,True,0.1448,2.0,0.5
1672a7a6ad513284,c063157730278827,3,True,True,2,True,6.0039,1.0,0.5
1672a7a6ad513284,89e6e4d344404ac6,0,True,True,2,True,0.7535,7.0,1.0
1672a7a6ad513284,9606f9319a6ff26d,2,True,True,2,True,0.8021,7.0,1.0
e5cb80e2fc93d98c,0ad7a5933f428cd8,8,True,True,3,True,2.0815,1.0,0.3333
a60747d7307a16ec,29b891afe52008f1,0,True,True,3,True,12.8997,1.0,1.0
52bc5870f602cce5,eb2c76289c3ef844,38,True,True,2,False,3.1036,1.0,0.5
294dd44d956dd76e,3ad04c9790323d74,6,True,True,3,True,7.0512,1.0,0.3333
f88bb7200f634dc4,470995ad73f7405f,0,True,True,1,True,0.1857,2.0,1.0
c8e2c3ee360632e3,9d30c7412d1cfb9d,7,True,True,3,False,0.3058,3.0,0.5
6c3718138fbaeafe,c94e27522fb81c52,0,True,True,4,False,5.1363,1.0,0.5
5bf85d2f9bbdc409,fd4856a9a94e0ad8,2,True,True,2,True,0.0002,3.0,0.0
e8e8706c88bb8c93,7786b0362bf931b9,0,True,True,3,True,2.9057,1.0,0.0
a57c13df3df6ade3,0b5112064b6e9767,1,True,True,3,True,15.8722,1.0,0.6667
f26acbe2a0df46bb,0466c96a9dee39e8,0,True,True,4,True,0.535,1.0,0.3333
a491a7c68022a7e4,c1bdc88106206a20,1,True,True,2,True,0.7046,2.0,1.0
33ab8c10a0bc6a80,41323c7bb8ef2c1e,2,True,True,5,False,4.4697,1.0,0.25
b90f5f018a2ca2ff,65062e89c6ab376a,0,True,True,4,True,6.8487,5.0,0.0
413f5086d85e93ca,ccfbe491d1747f9a,6,True,True,3,True,3.7816,1.0,0.6667
413f5086d85e93ca,d0fa5cd141f3ba52,0,True,True,3,True,5.0251,1.0,1.0
413f5086d85e93ca,817bcb886838949f,1,True,True,3,True,0.4436,2.0,0.6667
1d1e52fc52ba8376,f24a898bcf776e81,-1,False,False,1,True,0.0002,6.0,0.0
d3db0340482b69bb,452681b59ccc09aa,0,True,True,4,True,7.0788,1.0,1.0
64a32ea1c4a9a391,baeaf25b20490bbc,0,True,True,2,True,1277.2318,1.0,1.0
9d42f85195c2cd11,06925b1e1a6b70e0,2,True,True,3,False,6.135,101.0,1.0
9d42f85195c2cd11,58df9786b7bcc377,0,True,True,3,False,5.0168,101.0,1.0
fa78dc10fd107e30,e2ded20ed99a699e,3,True,True,3,True,10.1569,1.0,0.5
b6915b17068dfa38,fb3c2eb315128640,0,True,True,4,True,1.712,1.0,1.0
8db1db05e8d4503c,9a5f8f9dfc9c8682,0,True,True,8,False,0.0002,2.0,0.6667
ef140a066ca3a2f0,4e28401269a53fef,0,True,True,2,True,6.9155,24.0,1.0
7a37959149c966ab,7852f8b9b9112fcf,8,True,True,3,True,9.0796,1.0,0.5
1431783e49cf4eaf,f5cf2e1d37829645,0,True,True,6,False,2.9495,1.0,0.4
098829c2abba8979,176fffb6b3831a09,26,True,True,4,True,30.9108,1.0,0.3333
ed7ad1f3e86a2790,72022d576e99bd5d,0,True,True,4,False,1.1759,1.0,1.0
352504dc58d5f7aa,5a3cda468fcd6ed3,1,True,True,5,True,6.167,2.0,0.5
e0c28ade02f46caa,9c9f4ba33b90896d,27,True,True,2,True,4.6001,1.0,0.0
be8a43d49708f17c,d357b5fffa2426fe,0,True,True,5,True,1.1462,29.0,1.0
7e8556609fe4e3dd,2a9c1ff31f108b82,0,True,True,4,True,0.3031,1.0,0.6667
9d08829dffdb6eda,6414953bbc6b44ec,1,True,True,2,False,0.3004,15.0,1.0
5e2ee3924dc7161c,c2fc8cb181ca9c3d,17,True,True,5,True,30.3798,1.0,0.3333
135340ad0e2aec1e,7ca8a6308c0c9b64,0,True,True,2,True,2.1355,65.0,0.5
28a1aa10809e4766,e18bbd4d909822ed,0,True,True,3,False,1.1358,1.0,0.5
6efad61d94cf3c47,f8899c05f4642185,-1,False,False,3,False,0.0002,3.0,0.0
beff4d44c30d5807,1274159789f2ad7e,3,True,True,3,True,0.6392,1.0,0.6667
beff4d44c30d5807,4515256dcd9fbf4e,0,True,True,3,True,0.0157,8.0,0.3333
10983f063d289134,5a54041ac0dc7890,-1,False,False,2,True,10.4791,1.0,0.0
d19f7eeccce8015d,4d8de0048eaab5ef,4,True,True,3,True,9.8046,1.0,0.5
036f7ac61585427a,88f1e0cfc0496321,18,True,True,5,False,3.3408,1.0,0.3333
036f7ac61585427a,5c89c2eed1c1b123,10,True,True,5,False,4.171,1.0,0.3333
92402a9d855bd8be,2354341ac06060c1,1,True,True,2,False,1.7961,1272.0,1.0
92402a9d855bd8be,c7c3626ea181d950,2,True,True,2,False,3.3491,3.0,1.0
a6d8672caa486c58,6b9d5f37e603b6cf,1,True,True,3,False,4.9826,9.0,1.0
7ba0282a05282ac5,21cebfcab61347c8,3,True,True,4,False,1.7663,99.0,0.6667
adbfa9cc331a8335,9ea53d1bca3935de,0,True,True,5,True,14.8651,1.0,0.6
f04589fd5168111f,b7c994b67dc004db,0,True,True,1,True,0.9516,1.0,1.0
b1addb40110afc96,ccefd5c9f0691fdf,12,True,True,2,True,6.3638,1.0,0.5
b1addb40110afc96,ae4ebe9a8539d3ed,9,True,True,2,True,8.7615,3.0,1.0
b1addb40110afc96,e81ab92d80bd8df9,1,True,True,2,True,4.1562,1.0,1.0
b1addb40110afc96,66bd75ddebe028f6,6,True,True,2,True,3.4007,2.0,1.0
62471cfd69bb4fa3,63ba9f0b8584bd7a,1,True,True,2,True,0.6579,1.0,0.5
5a8aa5e18957314a,a4055cb167154394,0,True,True,2,False,0.9398,1.0,1.0
613f7c9a398bb174,071707e61df3b685,0,True,True,1,True,3.4768,1.0,1.0
19cb2a0b6f5ce34a,b5037920a7b359c4,5,True,True,4,True,10.8998,1.0,0.6667
4dd6d66dc455781f,98a33ad9db1c98ee,4,True,True,5,False,4.353,89.0,1.0
4dd6d66dc455781f,1bb58ff0b9febb4a,1,True,True,5,False,1.358,15.0,0.75
4dd6d66dc455781f,1872837a70926875,6,True,True,5,False,12.8484,89.0,1.0
4dd6d66dc455781f,25838b2fdb7dd79f,5,True,True,5,False,11.7897,2.0,1.0
9c9379ddf6bf6f63,5df7c05d1aa9fef3,0,True,True,2,True,4.9235,1.0,1.0
5ce1a84a202be8b9,3375720caeea9e5b,0,True,True,5,False,3.8635,2.0,0.25
38287e107bae2830,eb05eb64f8481970,0,True,True,5,False,4.7753,1.0,1.0
38287e107bae2830,89aae562c9d414b7,9,True,True,5,False,5.0603,1.0,0.0
eb0b5881d4d70e89,65408490a00fd344,0,True,True,3,False,5.8817,1.0,1.0
7898314011e87253,ffbdd62c5c9ab56a,0,True,True,4,False,1.3397,3.0,1.0
56980b79a9f9b0c9,9de4c0a9d4a83aaf,0,True,True,4,True,0.1468,1.0,1.0
9833acf2119b18f1,958b99ffaa80d2b3,0,True,True,3,True,4.2529,43.0,0.6667
d2d54657ac7d15fe,603f0b6c107135d1,0,True,True,5,False,0.5871,1.0,0.25
495b648d96054f16,6408a35d31364904,1,True,True,2,False,28.83,1.0,1.0
26b470ee4c7464be,6d48a458cd559e51,0,True,True,4,True,4.9172,2.0,0.25
b1e1f97162c46388,06e9bb744ccd3763,60,False,True,2,True,49.8698,11.0,1.0
36b523b6cdcd11f9,fe9521af5ee5cf81,0,True,True,4,False,2.1723,1.0,1.0
67b89f418418e071,b154821395ad6a41,-1,False,False,1,False,2221.87,2.0,0.0
c095c3c799e97074,1c6cae36434e3324,27,True,True,2,False,1.2233,1.0,0.0
df5f6262141026c3,1e22980d88ca1144,14,True,True,4,True,18.9009,13.0,0.6667
06a46cd6170ee48d,7cee11d97677a3f8,3,True,True,4,True,4.7094,1.0,0.3333
2bceb9eaf66476ee,1eda70d36348353d,90,False,True,1,True,2.5257,1.0,0.0
b7bb12f35ac27992,63e23a7eb1558239,1,True,True,3,True,9.7298,2.0,1.0
56c16a83a2148780,8f846ba1dc7d378c,9,True,True,5,True,639.105,1.0,0.25
807ff688bfff79ef,adb058f2883ad6ea,1,True,True,2,True,8.9621,1.0,0.0
d4f12d1fa980e6f4,2dde5474f26502a0,0,True,True,5,False,6.4709,1.0,0.0
cb61a67839f4b871,3ec31d53efadcf3f,0,True,True,5,True,3.743,4.0,0.6667
06816792ee499c8d,ccd0dfbb96ce31c4,0,True,True,3,True,2.7726,1.0,1.0
f2961d2996a5c257,32a97aaedc2843af,1,True,True,3,True,12.3848,1.0,0.6667
63ac751227b9ec89,052ced078ec670e9,3,True,True,4,True,6.695,1.0,0.6667
ed86225297a696f7,1d07173c33b58815,1,True,True,3,False,0.9751,13.0,1.0
ed86225297a696f7,d870bc5e752876cc,0,True,True,3,False,1.7626,43.0,1.0
ed86225297a696f7,c55607bf7f583f56,2,True,True,3,False,2.4204,16.0,1.0
a00bce4d38cd82d7,2554ac03ab300d28,2,True,True,4,True,3.1083,1.0,0.6667
3d8dfd433ad5619c,bb2dd40c9e14ded8,0,True,True,4,False,2.4784,1.0,0.75
c93cb22972210070,97c48f64d4e99545,0,True,True,2,True,0.8201,2.0,1.0
5d83833d0fbe97f7,1ea64865e584d2c3,11,True,True,3,True,3.3303,15.0,0.5
5d83833d0fbe97f7,32e89f88e47207ad,19,True,True,3,True,5.5792,275.0,0.5
5d83833d0fbe97f7,5cbd758afa452d1e,-1,False,False,3,True,1.2211,1.0,0.5
5bdc31ee8626101c,68f45ee0b025240c,0,True,True,3,False,0.0153,4.0,0.6667
7d97713ffa5b12dc,18e0042a63d787b6,0,True,True,2,False,3.1662,1.0,1.0
12b95e7c2f69074d,c0488708b32ea1ff,22,True,True,3,False,2.2452,1.0,0.3333
fd936c90d2a62cbb,d2739a112ced8c27,1,True,True,2,True,3.9229,1.0,1.0
fd936c90d2a62cbb,b17437a641a1822e,0,True,True,2,True,3.8807,10.0,1.0
fd936c90d2a62cbb,698068c6bdc0386f,2,True,True,2,True,6.3251,1.0,0.5
a069e9f68f05d81a,a987d0a0de209163,1,True,True,4,True,1.1759,2.0,0.5
bb723ecd2d64904f,d64dd8c3b3fbe163,98,False,True,4,False,11.104,1.0,0.3333
bb723ecd2d64904f,54230bf303eae682,2,True,True,4,False,10.6901,708.0,0.3333
90f4e3ea561ab5f5,62c66633a54919ab,0,True,True,4,False,8.5889,1.0,1.0
d98989ab187d645c,da4c07588aade95f,0,True,True,4,True,10.015,11.0,0.6667
d98989ab187d645c,a9865eb8750387ed,-1,False,False,4,True,2232.7624,3.0,0.6667
2e5919e4dc1f1412,1800402d7e9c5b70,1,True,True,3,False,7.9463,6.0,0.3333
249179f10c44b88e,2bd916c511f1584b,0,True,True,4,False,5.4868,1.0,1.0
2b7c63523fe744d7,07d8b663b3651f91,0,True,True,3,True,0.0,6.0,0.5
e8a1f997279cb872,57bbe1f3c33300f3,0,True,True,4,True,20.9358,1.0,0.6667
104e8edcd76ac00c,6c9cd78d5700f573,0,True,True,3,True,2.7136,1.0,1.0
444a7da922f4bfe3,e1c4c054d09b57d6,1,True,True,4,False,14.9311,1.0,0.3333
8f9f332cf9a88926,46baf520833b3d49,2,True,True,2,True,2.3367,1.0,0.5
2c198a20d4490263,22108af40b6eabee,1,True,True,4,True,1.2099,1.0,0.25
7f1f29eefc8e9189,7481e4ec745c1744,0,True,True,3,False,2.9989,1.0,0.3333
4b40d6a8a72f5106,31915ec9a0723357,0,True,True,1,False,0.0,1.0,1.0
4b40d6a8a72f5106,ac018658a19306cd,-1,False,False,1,False,0.0,1.0,0.0
083c5e6e06f37f3e,13db9391b699c7bf,0,True,True,6,False,8.83,1.0,0.5
6b28e5f6222e8aab,37fd22c8fe8c865d,14,True,True,5,False,3.011,1.0,0.3333
0171a3bafff99dc3,b6293de653b730d6,0,True,True,3,False,23.442,1.0,1.0
0475209f1dae8da5,46391d21e4855ccb,45,True,True,4,False,464.0523,1.0,0.6667
0475209f1dae8da5,ce6d903ffff918b4,15,True,True,4,False,383.0978,1.0,1.0
dc8e78eda2b7fc56,628f014d51b40205,2,True,True,5,True,12.732,6.0,1.0
df7bdc262c179844,4ac8a4a7eff9c329,6,True,True,3,False,5.0785,1.0,0.0
80856f7838cb02eb,440d80d2a1e5ae47,2,True,True,5,False,1.4241,1.0,0.0
6734bad3e6b38c3f,80ac43a771baaea3,0,True,True,2,True,3.3071,1.0,1.0
69b56a38a88be5fc,7de045535b516e7e,1,True,True,4,True,12.3289,2.0,0.5
d454dd84503f67f8,cb836acaeb7aae82,3,True,True,3,True,7.1351,1.0,0.3333
9441d881e385f8e5,3343077c8bf86e89,0,True,True,2,True,4.1391,1.0,1.0
eab1f0c8effbee8a,416f8462a0978b69,1,True,True,3,True,4.7768,1.0,0.3333
f43b1358fd5dcd97,5797fcd105509090,21,True,True,3,False,9.7384,25.0,0.0
2444479224a36801,41aedd9a9c29d9ad,1,True,True,3,False,4.6434,1.0,1.0
1793ed80d347900d,f9c01bdb5cbc97eb,1,True,True,5,True,1.5762,1.0,1.0
c563f32f66ec9b5e,df95fec061959b4e,0,True,True,3,False,1.8052,1.0,1.0
ce93d6ebdee9ac83,f75b8469ac1c31b8,1,True,True,5,True,9.259,1.0,0.75
f8fa02e1e10a7713,005d314edd211918,0,True,True,3,True,24.6321,1.0,1.0
0be88196590bca18,95a46dda52c828a2,3,True,True,4,True,1.1301,1.0,0.6667
0be88196590bca18,0ab4a9555efb0d38,0,True,True,4,True,1.673,1.0,1.0
0be88196590bca18,48d4fd7c30398d26,11,True,True,4,True,0.9755,1.0,0.6667
84a36d5cdfc9bc2c,eb38d05d573bc251,3,True,True,4,True,3.7388,4.0,0.6667
6b2284fcaad90811,825b5ebc65dc7310,6,True,True,4,True,21.6395,1.0,0.3333
6290c8d476432221,dd0156ba00e635d1,0,True,True,5,True,1.8822,1.0,0.75
fe935c595e51fc59,a055929c711cdb02,0,True,True,2,True,0.0003,36.0,1.0
0b45c12e55591dad,d486c4a443a773ce,0,True,True,2,False,6.9748,72.0,0.0
0b45c12e55591dad,2bb7cad0b3791dcc,9,True,True,2,False,9.4742,103.0,0.5
0b45c12e55591dad,a40f26563c4d43d2,2,True,True,2,False,6.6139,1.0,0.5
1d62b7a61681b989,cece680b2b6613be,0,True,True,3,True,6.3994,1.0,0.6667
be3907d922837a20,c5bba29f85bf85f4,0,True,True,4,True,0.5011,371.0,0.5
08c6ccb4a43bcf94,fff63639fa463753,13,True,True,4,True,3.1223,2.0,0.0
c622603ed781cbab,2a200da6db563754,7,True,True,2,True,2.5604,1.0,0.5
8309f17d738674e0,27270bff9c1688e6,0,True,True,4,True,4.8821,69.0,1.0
80ef72a08f874dd2,432968cfe4772095,0,True,True,5,False,0.0,1.0,0.2
d03ef905fd49f22a,fa66352a7895c0f4,0,True,True,7,True,9.7955,1.0,1.0
c85b10c2d731defa,a2a5f793490d63b3,1,True,True,3,True,5.2668,1.0,1.0
c85b10c2d731defa,b78b304c4a79241e,0,True,True,3,True,4.3566,1.0,1.0
b855e84b0af6cbf4,bd6f7a69b89784bc,9,True,True,1,True,28.7593,1.0,0.0
81d10188c3c3550e,3b44db01f4b1363d,6,True,True,5,True,5.9448,1.0,0.5
3363108eb79afe68,3bae4fb316d23285,1,True,True,4,True,11.6352,1.0,0.5
e69c212b64fd1558,fbbdaa40372eb460,0,True,True,4,False,2.1748,3.0,1.0
a739a1f38e72cb62,2a5196dff282ea15,2,True,True,3,True,0.7965,1.0,0.5
a739a1f38e72cb62,d1a982c6d324e120,7,True,True,3,True,0.839,22.0,0.5
c07b79f61188a22e,ea6686ebe4ab1639,0,True,True,3,False,1.3709,1.0,1.0
50f06fbb68128445,24e4903797910898,5,True,True,1,False,1.6041,43.0,1.0
99b2ff26ffd39523,51f0b99aa6449d9f,0,True,True,2,True,0.0001,288.0,1.0
e65da8bdf559b10b,cfc8109689bcb83b,0,True,True,1,False,2.6724,102.0,1.0
afd8307ef54e0821,5901179567e01358,0,True,True,1,False,3.2779,128.0,1.0
73c184d0b266e375,642d18ff82e9c2ec,1,True,True,2,False,3.0909,1.0,0.0
73c184d0b266e375,64eb296b2449b805,2,True,True,2,False,4.7621,45.0,0.0
886763e94b20a774,c605d42e53c91591,2,True,True,3,True,0.0001,97.0,1.0
886763e94b20a774,bab9a9180b9863d0,6,True,True,3,True,0.111,2.0,0.6667
81840975f49e18de,ad48ac3a2c877f23,0,True,True,5,False,0.1866,1.0,0.5
bec922a11bee7973,bc58e7457ecf1f00,14,True,True,3,False,12.2415,4.0,0.5
e68409fd1324e20d,9559e9fc477d7142,2,True,True,4,True,0.4853,1.0,0.3333
51686befa4e8c1ad,dfa1225b1db44a17,1,True,True,3,True,24.2781,2.0,0.5
9beea6cec4579aa9,66e9f0bf4a2bb1f4,0,True,True,4,False,7.075,269.0,1.0
760bd347a97409e4,53f748dd3baade40,0,True,True,2,False,4.1655,229.0,0.5
760bd347a97409e4,928909c561c57440,4,True,True,2,False,4.0451,2.0,0.5
312967ff1c894aec,81af73942027c5e0,105,False,True,2,True,3.9844,1.0,0.5
60353368f5f7dbf2,078c9dedd5162fd4,0,True,True,5,True,560.087,1.0,1.0
ded170694331cc7a,86ed5b436f3051ac,4,True,True,1,False,2.0783,28.0,0.0
7ecca34b9388d403,e58b4e7edc08a13e,1,True,True,6,True,24.9753,1.0,0.25
768f3deeafe52ec8,3e0f7c8976c8398c,31,True,True,4,False,5.4809,5.0,0.0
9b3eaa897ba31332,573056e79335eecd,-1,False,False,1,True,2.2226,8.0,0.0
2abeefd7d38ea21b,9b90c151ddde3ae3,1,True,True,3,False,13.2973,3.0,0.6667
242406e68f0ceb3b,ef39cfe0acd4f83d,3,True,True,6,True,20.7144,3.0,0.0
242406e68f0ceb3b,e38efdebb4f5eae3,4,True,True,6,True,11.0183,1.0,0.5
22c8db7f5c16174d,526614ec56a5a867,-1,False,False,3,True,2.3245,1.0,0.0
50ed3748ccaeea0d,c0aebc194d93b59b,8,True,True,2,False,4.5894,1.0,0.0
9a22feec8f810777,6ff47ba07a8075f9,1,True,True,5,True,8.8223,47.0,1.0
9a22feec8f810777,33f195aaca558ce0,0,True,True,5,True,7.7833,1.0,1.0
9a22feec8f810777,f16913f044ab6b65,2,True,True,5,True,7.9222,3.0,1.0
6ba15025d7f89c74,d0345cdf0c79e703,3,True,True,5,True,689.8257,2.0,1.0
9ed5429a1c7f057f,955896926ef2ca4e,-1,False,False,3,True,1157.7464,13.0,1.0
9efb16ad7117cfdc,3f2f9dac2a2939cf,3,True,True,3,True,9.4188,1.0,0.5
b927120d488eabb6,c4cba88aab777729,-1,False,False,4,True,161.9287,1.0,0.25
b927120d488eabb6,a1b43f84a3350447,3,True,True,4,True,1.1193,1.0,0.25
3e9eed85588efda2,300e58eda42cc83b,1,True,True,2,False,1.2199,124.0,0.5
a1e47c5acdaf4e74,c6788b7cd93b8258,0,True,True,1,True,0.0,72.0,1.0
828931d83b79eaf8,89b098787bf91424,0,True,True,3,False,1.0474,3.0,1.0
3346c347a5323370,f7b3272e80a4d92f,3,True,True,2,True,8.8582,1.0,1.0
febaa30c58251343,70cf67b0fdcdca9b,7,True,True,3,True,4.7362,1.0,0.0
357f6cb6f3e12095,0bc88ac518eb5374,2,True,True,3,True,15.816,1.0,0.5
67bb6bd702734402,77527c153514d844,0,True,True,5,True,6.166,1.0,0.5
6b6c0c7abdb09cb9,61eebd46231f1e21,0,True,True,5,False,3.5746,1.0,0.25
0802ebec9e0b39e5,9ccb783649e85906,0,True,True,3,True,3.3468,1.0,0.6667
491a45534a0ad3b3,8847f275ea027211,12,True,True,6,False,19.4423,37.0,1.0
195d215189e40a75,9bb2e249f60aa7f2,5,True,True,3,True,6.7195,1.0,0.6667
76683187e8f60de8,5decdb27b01e9cf1,0,True,True,3,True,0.4948,1.0,1.0
0e9f9622b943f119,57c970cb8b7d636b,2,True,True,2,False,4.1265,5.0,1.0
0e9f9622b943f119,c9d32bc7a24e7f56,0,True,True,2,False,2.9531,64.0,1.0
804e77cd806a87dd,d7a84137c722aa1a,3,True,True,3,False,2.1652,1.0,0.5
5b71951de0a384c9,f927ccdbf5212f78,1,True,True,2,True,1.2228,1.0,0.0
d5b0e6ff80d13219,478530879f33d05f,0,True,True,3,False,5.7286,9.0,0.5
8abe9f5782ffb61d,a6e9922e3165605b,21,True,True,4,False,15.4541,1.0,0.5
cef13a37a12d73f3,17c7dc425812c26e,0,True,True,3,False,14.7134,1.0,0.6667
8ccf42d869e3a28e,2ed5b7efd1fdb8ce,81,False,True,7,True,13.2873,1.0,0.5
71235cfbfb85454e,538a980a2223e1c6,19,True,True,3,True,16.0284,16.0,0.6667
bafc873b9fd08c2a,d6bd0bb90b197ec6,8,True,True,4,False,22.6736,25.0,1.0
8f98ebd48d6990d4,4200b1bac49e5830,0,True,True,5,False,4.7815,1.0,1.0
632f140f97e491fc,07a8f237162a2271,1,True,True,3,False,0.0101,5.0,1.0
6a746cd7497d6b5c,154759a702f14c6c,6,True,True,3,True,5.0732,1.0,0.6667
6a746cd7497d6b5c,c654ff50d50a0c77,2,True,True,3,True,5.799,15.0,0.6667
e220f3e4f2874790,7735d9ba72f53dc8,0,True,True,4,True,3.0091,41.0,0.3333
bf18a374a8c489cd,184e1bc18f409c21,27,True,True,4,True,1.0075,1.0,0.0
84fdfea43137ce64,0d134340c7c527b5,3,True,True,3,True,7.529,12.0,0.5
cc35fa05ae971a88,a4788a91a1b00fd0,0,True,True,4,True,4.1355,4.0,0.6667
a7d3feea2526e4f5,343d70d2ba69ee0b,2,True,True,2,True,2.3351,7.0,0.0
8638511df76931e1,ced47d9a53887a13,-1,False,False,2,True,13.4458,1.0,0.0
c6e56fe5edccb680,ae48c83ebfc38eb1,0,True,True,3,True,7.0649,1.0,1.0
da42f8de84a7d14e,31a460e60b241722,8,True,True,1,True,1.9797,1.0,0.0
da42f8de84a7d14e,cf1a2957d5fd42fa,0,True,True,1,True,3.3047,1.0,1.0
a92f06b6f9034701,fe4127b64f280ad7,5,True,True,5,False,5.9476,162.0,0.25
a92f06b6f9034701,87af7d980893f04b,9,True,True,5,False,6.5768,1.0,0.5
50924a67c7fe5616,af44aba47a6e71c4,0,True,True,5,True,0.5146,2.0,0.5
cdaeea88f794a638,8d12c2d4b2435eec,0,True,True,3,True,8.376,15.0,0.6667
a803d1424f759f20,30cafa6ebeb7db79,0,True,True,2,True,5.8694,1.0,1.0
c75bedc065df024a,c291de4460b91378,3,True,True,3,False,11.4733,5.0,0.6667
9a2997304933b18f,63c1fbfa1be3b598,5,True,True,3,True,9.3708,1.0,0.0
7679fbcfecb53b46,b833bd6f192aa51e,0,True,True,2,False,11.7809,1.0,0.5
3ce83ff8c18570c2,d2927018c2a0c2c8,0,True,True,3,True,0.4629,2.0,0.5
621ef71ea0e78aef,50ce4e64687a709b,0,True,True,2,False,0.0001,8.0,0.5
ce23c6067dfb8391,0bb01da579b8379a,0,True,True,3,True,10.3773,1.0,0.6667
bca554d5fbbf1e09,f4e97357f89e288e,0,True,True,3,False,3.8493,1.0,0.6667
a4e3a2c614cd523b,5f25e43be3c9136e,0,True,True,2,False,2.8748,121.0,1.0
a4e3a2c614cd523b,c7294a769ce73747,1,True,True,2,False,2.6186,121.0,1.0
12cf65e3fb86f79f,a21b8937b2f5c92c,13,True,True,3,False,5.5363,18.0,0.6667
098295ceee35e5c8,9784d56ee2f9023e,23,True,True,3,True,6.1853,1.0,0.3333
ef21e47699e51ea2,dd4ec161e9a1fba6,17,True,True,3,True,10.8463,3.0,0.6667
388fdd350d065b39,e47ecde8905b35d9,1,True,True,2,True,8.5593,1.0,1.0
82513df02924efd6,4e85b0e59b4f4396,16,True,True,2,True,7.5231,1.0,0.5
82513df02924efd6,20246d11af28ac15,0,True,True,2,True,3.3979,1.0,1.0
94740f829a441b0b,3c9341b53e66b060,2,True,True,2,True,5.3431,1.0,1.0
94740f829a441b0b,04f897fc0bfec9c8,1,True,True,2,True,1.7626,1.0,1.0
94740f829a441b0b,eb081dc3e70a652a,3,True,True,2,True,1.7626,12.0,1.0
94740f829a441b0b,6db0fbd62422ee08,8,True,True,2,True,1.7626,1.0,0.0
a318726df9beadd2,444ef14d43c7273e,10,True,True,2,False,8.7088,1.0,0.5
835295276507377b,1a9310eaeb008dfe,0,True,True,2,True,0.0,4.0,1.0
f084be73e594a1ee,1ec4579861de5d62,1,True,True,3,True,4.5804,1.0,0.6667
b437fd4b5f16c049,40604faf258c9b4a,2,True,True,3,True,0.0187,288.0,0.6667
f501a6aac57a370d,d510cae99c5ddd2a,0,True,True,3,True,5.3124,3.0,1.0
2ca832de5134ac93,bf01d0fd636838d1,0,True,True,3,True,2.6215,1.0,0.6667
3a8d86066686ba97,b8104ac8aa96a70a,4,True,True,3,True,11.4222,1.0,0.6667
3a8d86066686ba97,45da26d3e5351303,0,True,True,3,True,4.5416,1.0,0.6667
4c5c8963af129c88,f0d6a3bdb5c708c4,2,True,True,4,True,3.9151,64.0,1.0
fa3869f782ef54c0,1c10ac3920b25b2d,9,True,True,2,False,4.9212,2.0,1.0
c20b1b5cd6902e4b,ebe37d9177b55201,0,True,True,3,True,4.7475,29.0,0.3333
cf5bc94c050a73d1,dcc2156292f3321d,0,True,True,2,False,1.6293,8.0,0.5
fffc0d82843d2314,55a3a56e03dd327c,4,True,True,3,False,13.6143,9.0,0.3333
32aa1998b80e02cf,510ce3bdc5202ce3,3,True,True,3,True,119.3215,1.0,0.3333
6ad3b0efde95d57a,b107285f5321c086,30,True,True,4,True,11.1408,8.0,0.3333
23dbbfad864cebe1,006998194754fcf6,0,True,True,5,False,4.5889,123.0,0.25
4eb635d0e167f24d,e220acd7df81a59e,7,True,True,2,False,3.0748,14.0,0.5
4eb635d0e167f24d,7cb6a006015dca9c,3,True,True,2,False,1.6683,2.0,0.5
4eb635d0e167f24d,23f0a59be07299d6,1,True,True,2,False,0.1468,5.0,1.0
4eb635d0e167f24d,499dd4001927626e,2,True,True,2,False,1.6683,5.0,1.0
4eb635d0e167f24d,e2a950019afb5869,9,True,True,2,False,0.4543,1.0,0.5
47a709260aec597c,fbc5e64a0db74029,4,True,True,4,True,3.5295,75.0,0.3333
b394dd946c9c6c2e,83448474a55248de,8,True,True,2,False,12.2645,1.0,1.0
b394dd946c9c6c2e,fb5a4f3719d031af,117,False,True,2,False,56.5625,1.0,1.0
91b387cc11465dc6,412c8cdaef5c3969,-1,False,False,1,True,6.3747,1.0,0.0
642a8569d014efca,c88e1b036d9bd9a9,0,True,True,4,True,2.1742,1.0,1.0
c208deabc220bdc2,2ff807bcc73cae00,70,False,True,1,False,464.4102,1.0,1.0
24d98e0fce1c2171,6bc94647ddf7351a,1,True,True,6,True,0.6961,2.0,0.25
aa0e103bc535fb0c,e5348e7d5644d99e,2,True,True,2,True,13.9522,1.0,0.0
eabacc925120e2d8,9db01c17f0018003,0,True,True,3,False,1.0041,2.0,1.0
7f9200f91d9cc650,111ee7e05f6fa5c1,0,True,True,2,True,0.3148,1.0,1.0
7f9200f91d9cc650,e2550b7197c6e429,8,True,True,2,True,1.9571,5.0,0.5
1a79b4b5061096b9,7b1f8398c2a2c308,1,True,True,3,False,2.8685,1.0,1.0
4a0020f2844fca61,784da254bab79b52,0,True,True,4,True,2.8562,2.0,1.0
960aa7ceea12140f,e72eea250ca5760b,0,True,True,2,True,0.3248,1.0,0.5
b70f1648c59a9746,e9c635464eddc4c8,11,True,True,3,True,19.5636,111.0,0.6667
802984f696c4f7be,8c0bb5becb52ae3f,2,True,True,3,False,0.1468,7.0,0.6667
b8d78a4d8400f2f7,bb40420d2c6d08b6,4,True,True,2,False,25.7637,76.0,0.5
a342960aaa5577dd,ebb96ea9dfae4267,5,True,True,5,False,25.8453,2.0,0.5
a342960aaa5577dd,ce90f4562b57a61a,0,True,True,5,False,0.535,1.0,0.5
009993a1452d7f80,a2bee17131bacba0,1,True,True,2,False,126.7931,1.0,1.0
6370d9e42d569a31,36aa65c142507a9b,3,True,True,3,True,0.01,2.0,0.0
3b67c70d34829247,2b7153089df9155f,0,True,True,2,True,8.241,1.0,1.0
4e3ea118f76cbc38,059c43291555cb77,11,True,True,2,True,41.3267,13.0,0.5
60ba7cbda3fcc694,8424df426af5290b,16,True,True,4,False,7.9735,1.0,0.3333
e1d70e6036e0c902,93a016c636eacb10,2,True,True,3,False,5.6356,1.0,0.3333
21abe36a80c060af,fae5f6d9ad35c02d,0,True,True,2,False,7.0144,1.0,1.0
e2439ab7d5e2ddb3,788335070433bab1,-1,False,False,3,True,74.5663,1.0,0.0
e2439ab7d5e2ddb3,95e8d50c25b751d3,0,True,True,3,True,4.509,1.0,1.0
facbdb81db953963,222c60a3f4590ebb,0,True,True,2,False,0.3162,2.0,1.0
b00557553ffbd0bd,1126688a28d4f4a8,21,True,True,2,True,625.2181,3.0,0.5
2c8cc57acedb2dea,eca5c589a1ce2e2f,-1,False,False,4,True,11.9595,1.0,0.0
5c6f4beedb11f846,6a39e3129f1cfe9f,1,True,True,5,False,0.2565,128.0,0.0
ae0800ed6d61c11f,7b383fe6a97402d4,0,True,True,3,True,10.4195,1.0,1.0
270b19f9ab790b40,b9fd041b6a11bcac,4,True,True,3,True,7.1967,1.0,0.5
ffdb87858d0533fd,341aa85bdf07faa5,0,True,True,2,True,0.274,3.0,0.5
ffdb87858d0533fd,af88c40290de8cc2,1,True,True,2,True,0.6383,1.0,1.0
e4c5baa74768925d,772bd50619ed9dc8,3,True,True,5,True,10.1739,1.0,0.25
54a1b4d380cc296e,6b549f84ac441dcd,0,True,True,2,True,14.835,1.0,1.0
54a1b4d380cc296e,2868956d88acf735,1,True,True,2,True,13.9219,1.0,1.0
126a872f06686be8,722e40374b01238b,0,True,True,5,True,1.0766,1.0,0.5
f0cb8eea28efc861,acc63b7dbfc716a6,4,True,True,4,False,5.0191,1.0,0.6667
2ac47b3151f86676,bfc33262d2de9b31,3,True,True,5,True,0.2679,1.0,0.25
27944b98e426ae3e,18f46187f6db2225,5,True,True,2,True,0.7705,3.0,0.5
27944b98e426ae3e,92f4882889266997,0,True,True,2,True,4.0321,2.0,0.5
27944b98e426ae3e,92f4aa40a7919527,14,True,True,2,True,0.7696,4.0,0.0
27944b98e426ae3e,f16307475c9915c1,2,True,True,2,True,0.7597,2.0,0.5
56773810fe4b8baa,317bf59d89cc7991,0,True,True,3,True,0.1468,1.0,1.0
9c714eb50c577e7e,b397a83572caacf4,6,True,True,4,True,1.6657,1.0,0.3333
6ce33bda1fd801b2,4cba2f00e13ceed8,0,True,True,2,True,10.8628,1.0,1.0
45ae378bdb340d6f,f5d63a1b6207568c,1,True,True,3,False,6.1438,3.0,0.3333
8ed21ce50faca716,0c1dcaef7a0e46e4,5,True,True,3,False,4.3141,13.0,1.0
8ed21ce50faca716,3dd3933060e09d70,7,True,True,3,False,0.1514,1.0,0.6667
36ff4795888c5b8c,8a061f2ebc915783,0,True,True,4,True,8.2677,5.0,1.0
41cdda72be9959c2,78ad840b6acf7ae8,2,True,True,2,True,92.1943,1.0,1.0
1f5061b5add5e050,7b3e1b69343f1907,0,True,True,4,True,0.535,6.0,0.75
de6e877ef9bebc3e,cc39ad21e38eaa25,0,True,True,2,False,1.5082,1.0,0.5
7ee8548a23ae7456,f32a139ee4ffe376,0,True,True,4,False,6.4628,1.0,1.0
8932cac9d0660fed,dfd6b5f47ad991be,0,True,True,7,True,3.4736,1.0,0.5
8932cac9d0660fed,f77bc280a0dd83a9,1,True,True,7,True,3.1945,1.0,0.25
df64bda8c23b0dda,7279382e19259308,7,True,True,2,True,12.3039,1.0,0.5
fd6eb21293807040,e04cd75cfff6bab3,-1,False,False,2,True,573.6841,38.0,0.0
5030e55fb2a9196e,7eb5350d00ce682c,0,True,True,3,True,5.2964,18.0,0.3333
fe78d96e99a5cfd0,bebbb33d25354eb9,1,True,True,7,False,27.7289,9.0,0.2
a455d4adcf284498,429d4dc131cfd85a,0,True,True,3,True,0.535,1.0,0.6667
e9f8205bfae08217,e69425427d651592,0,True,True,2,True,1.6683,1.0,1.0
5933591846d002c6,25bece0afc728cbc,8,True,True,2,True,10.6745,1.0,1.0
5933591846d002c6,3147a57413fb4bc3,1,True,True,2,True,7.089,1.0,1.0
5933591846d002c6,15db9f319807f418,17,True,True,2,True,10.7408,4.0,0.5
5933591846d002c6,381d36022ba10b7c,11,True,True,2,True,6.1715,1.0,0.5
5933591846d002c6,36dfd2d6bd6cbde0,25,True,True,2,True,16.6063,1.0,0.5
5933591846d002c6,8b48caba9e1559cc,10,True,True,2,True,3.1188,10.0,0.5
5933591846d002c6,eb9ee28250a8fec9,0,True,True,2,True,4.2999,1.0,1.0
491b84a5c717a49f,eb2efa382f693d74,37,True,True,4,True,2130.7819,1.0,0.3333
0bced4673e4bbb0f,6a779c17909963d5,2,True,True,1,True,1.1373,103.0,0.0
0bced4673e4bbb0f,5cff3a7649c17f1f,1,True,True,1,True,2.0278,107.0,1.0
0bced4673e4bbb0f,84e840a58ff63df5,0,True,True,1,True,2.9877,1.0,1.0
672fc112e42c8fe3,d3582a21419fd593,1,True,True,2,True,5.0933,36.0,0.5
672fc112e42c8fe3,a7c3f25f599118c7,7,True,True,2,True,5.1906,1.0,0.5
7fdcfc0a608a4293,e85c85366beca249,0,True,True,5,True,8.7326,1.0,0.0
137fd0389306603c,684370fd535d747f,1,True,True,3,False,8.6999,2.0,0.6667
bf5d35e4253c092b,5d28b6eb4fee54cc,1,True,True,5,True,0.3443,1.0,0.75
63b541444c5f4c1a,6e5d06539353a2b9,7,True,True,5,True,3.6763,1.0,0.0
54171c3699964dbf,c3c510ddd644ea22,56,False,True,5,True,14.714,1.0,0.5
3d0091a86748a5e5,343564d3a80f0f25,2,True,True,4,True,12.039,1.0,0.6667
8dd5324b95d677f5,3b8780cef5c7497e,1,True,True,4,True,3.2463,13.0,0.5
7ec4688263b89557,51df1abb9deab585,2,True,True,3,True,5.3328,1.0,0.0
faacf2f9c8ed897c,bcd38e358a0a4606,16,True,True,2,False,1.7622,1.0,0.0
8d1fc689bb273463,c075624bfa5441f4,0,True,True,4,False,1.9553,24.0,1.0
f430579c5676c4b6,4c5ff5cd5d1c42a8,0,True,True,4,True,0.1468,1.0,1.0
23de619fd8b5908d,27363677e331060c,22,True,True,3,False,7.1344,1.0,0.3333
23de619fd8b5908d,8d710dd053dce4b5,0,True,True,3,False,5.9717,1.0,0.6667
23de619fd8b5908d,04739bd6c54b1b10,6,True,True,3,False,1.194,3.0,0.3333
23de619fd8b5908d,8ea0031295813bf7,12,True,True,3,False,7.669,10.0,1.0
23de619fd8b5908d,09b79458570cedbb,18,True,True,3,False,3.871,19.0,0.0
23de619fd8b5908d,282de5b84d25f07b,4,True,True,3,False,5.5575,10.0,1.0
23de619fd8b5908d,113912a60b6b65f9,8,True,True,3,False,5.8513,2.0,1.0
19d84ed004392731,73e2ba52e50243e4,9,True,True,6,True,0.6531,1.0,0.5
cfa8c474d509339d,314f4edd28c604d0,0,True,True,4,True,1.2317,14.0,1.0
260ecbb21e87d80f,ae8a10ef3b4539d5,7,True,True,4,True,15.1789,1.0,0.3333
8b561a1aef36145f,ad7ab6456e229a1c,1,True,True,3,True,1.7669,18.0,0.5
d13a755b45be19ee,979e685747735a83,0,True,True,3,True,6.2016,1.0,0.5
bd0ed6232c153708,ac721d3ffc187ba1,0,True,True,3,False,0.0001,1.0,0.0
0cd35fdd0975813c,a649a758a57304ff,72,False,True,3,True,73.0932,1.0,0.5
606ee04427dbaa9a,25df88b4af290815,15,True,True,5,False,3.0346,99.0,0.3333
01a8ede15a35a36a,fec48183624a14fa,31,True,True,3,True,2.4823,64.0,0.5
dbea34e0d58a3edb,9a677713b1e4716f,3,True,True,1,True,2.3972,1.0,0.0
010d7c9b0f5539ba,fd8c824d5a349135,0,True,True,3,True,10.0144,1.0,1.0
cf4e3dcba8b3e03d,73b5a9a187c67ebd,1,True,True,2,True,3.0451,1.0,0.5
d65755297e99ee16,40364dac6a62bbc4,0,True,True,4,False,1.9774,14.0,0.3333
edc238f8e0ff12d8,8de0f5c9500dd0af,0,True,True,3,True,4.6911,1.0,1.0
fffdedcc6d30f832,de24ab5ffcacfc49,0,True,True,2,True,1.4964,1.0,0.5
2af2132d0fa9fed6,f033241060353b1b,0,True,True,2,True,0.9931,1.0,1.0
e38efcb3c874835c,646d8e2072c7d677,0,True,True,2,False,5.9985,1.0,0.5
f7e82e6252602cc5,e4bfa85e78ecf08b,1,True,True,4,True,13.6133,13.0,0.6667
388d83cf358eebf4,a5bef19fd87c04b4,12,True,True,2,False,0.9439,117.0,0.5
388d83cf358eebf4,64ae5e2520a0a5ea,49,True,True,2,False,5.4317,1.0,0.0
388d83cf358eebf4,56c10ccf8f3ce590,0,True,True,2,False,5.3719,155.0,1.0
388d83cf358eebf4,5c074c781b952fe1,1,True,True,2,False,2.1493,10.0,1.0
e2ba64698856b7a0,aaef21655fef57de,0,True,True,2,True,0.5052,5.0,1.0
062d2c2384f82476,3008d24d9b9f89fb,18,True,True,5,True,36.2141,2.0,1.0
062d2c2384f82476,17111aeada34ef29,28,True,True,5,True,56.6089,1.0,0.5
062d2c2384f82476,dc00a1400ec98df7,1,True,True,5,True,14.2597,1.0,1.0
2e9201eac428434b,d013ed413c3866c3,6,True,True,2,True,5.3407,2.0,1.0
97dea22b6675b4ba,9ba04cb86c05453d,24,True,True,4,True,0.3111,4.0,0.3333
cc88d8e061e2ad3e,a61abbf62ec81758,1,True,True,2,True,1.1402,3.0,0.5
3ca2d4783dbc5207,6630195306142d44,1,True,True,1,False,7.1307,1.0,0.0
91e448e2d8c4e3ef,8f9d8b5aed93dfe7,1,True,True,4,False,0.1264,10.0,0.75
4c0053f1b00ca4f2,9211018493fc7933,16,True,True,2,False,5.3573,1.0,0.0
b321158950e188e7,6accfbb07039e4b8,1,True,True,4,False,1.3224,1.0,0.6667
f04f5995538980cc,d6aab242259203c5,0,True,True,4,True,7.2653,1.0,1.0
0a28aeb23292aefa,57ee7c41dd4a2b80,37,True,True,5,False,20.6645,30.0,0.5
f9b7602db7a26ede,a35ab0008f93b233,1,True,True,2,False,1.7885,1.0,0.5
c87832a465836b6a,53c98ffdc813bcd9,0,True,True,4,False,1.9574,1.0,0.3333
aacc6c5a44cb8c61,e9f24fe143daa4d6,0,True,True,3,True,4.0317,1.0,1.0
456b6b15c57c9f10,52f7a73315e03c4a,0,True,True,4,False,1.1444,11.0,1.0
17d8f426ce25a034,a48a20df82c5dd46,0,True,True,6,True,9.6548,1.0,0.6
f54123c48a5da8d5,6e12039523bed0db,1,True,True,1,True,5.3389,3.0,0.0
480284c721e4756d,8080b6646fe084d1,-1,False,False,3,False,2.5211,1.0,0.0
25b2893243261433,14b2cd4192449b54,19,True,True,3,False,6.1233,1.0,0.3333
b5662fdf61211c49,fa131751808e1729,0,True,True,4,True,14.1727,11.0,0.0
44defe1397d50968,502e8ca73eefd696,1,True,True,2,True,0.0703,9.0,1.0
46debf83ef444089,de1443951cc90ed6,1,True,True,3,True,0.5687,1.0,1.0
46debf83ef444089,59fef0dd0249a4db,8,True,True,3,True,0.5687,8.0,0.5
1f43786f68d487ca,c0b40b4f6146cea5,0,True,True,3,False,1.6895,1.0,0.6667
cd9fff9a9bfff3e9,2715ec2f0f87f593,2,True,True,1,False,4.2347,2.0,1.0
82d54a76264b5f6f,1d984aa6d4d37081,5,True,True,4,True,1.7442,1.0,0.5
d77ed52fff00148e,40e1868c841b5d18,2,True,True,4,False,9.9795,17.0,1.0
d77ed52fff00148e,228277bac5eb3de7,99,False,True,4,False,694.6168,17.0,1.0
b36cc45143f862ef,6bb26e9fcc7043e9,1,True,True,6,False,4.1154,3.0,1.0
35b6635dd06f8123,274e3d9bd4fde3be,10,True,True,3,False,12.7864,16.0,0.6667
35b6635dd06f8123,92e5fbbc333d8d1c,7,True,True,3,False,6.4628,1.0,0.3333
35b6635dd06f8123,be48c2a0b02acd54,1,True,True,3,False,8.3149,1.0,0.6667
d1d262779465fff5,b1f3503c2c464959,0,True,True,2,False,12.5753,6.0,0.0
043823e39d243ec1,ce22b8d6983f988b,0,True,True,3,False,3.6336,1.0,0.3333
5d94671e265ce24f,6bbf19337a839256,5,True,True,2,False,8.8199,277.0,0.5
1e8757e4ce54dd1a,1a0071afab6156d3,5,True,True,1,True,10.1158,1.0,1.0
09ad193c68661935,0897f40328c2f394,5,True,True,4,True,3.3483,1.0,0.3333
48c9a951d0ee8ed1,17011e074aae9a38,0,True,True,5,True,9.0898,5.0,0.3333
08fb165c99c5ab78,6ac2da0735957700,32,True,True,4,True,23.9379,1.0,0.3333
e4c6abcfe4c6e86e,3661e502db42c781,5,True,True,3,True,0.0,1.0,0.3333
16fc3a1935448174,1f252060316a3df1,0,True,True,2,False,4.7221,39.0,1.0
f2250abadcce6812,6ef45265bae19ef1,14,True,True,3,True,1.3041,33.0,0.0
88ad84841287a590,49ce20230c5a7155,0,True,True,2,True,5.9796,1.0,0.0
550c3b388ea3887e,285aca3b538c568d,0,True,True,3,True,0.0,1.0,0.6667
2309cd503d907d33,ae582b6ea5665c6d,7,True,True,2,True,90.5299,1.0,0.5
1980fddb8b474524,360af7ed02714675,3,True,True,4,True,0.1468,22.0,0.6667
1980fddb8b474524,4ca71f8134c5fb6a,4,True,True,4,True,1.8229,1.0,0.6667
ab18064478a2ecb4,5398c206a0f44c13,0,True,True,4,True,1.9611,2.0,0.6667
61f8a2806bc75293,3af3c34eb4e1096b,9,True,True,2,False,3.7371,1.0,0.5
df883a7e754885ee,18674f6198ff5713,0,True,True,3,False,1.2638,26.0,0.5
b72ca337204fd5ee,14ef59246f8aac4e,11,True,True,3,True,12.7855,1.0,0.6667
1bd7ede87a4c1c12,1a6c5569dc5dcf5e,11,True,True,6,False,0.1468,1.0,0.2
c66d57897238cd62,701f4ac1cdeb726b,1,True,True,4,True,0.0656,1.0,0.0
374db11b790ab4ad,227bea5bd01f8319,13,True,True,4,False,13.0824,1.0,0.3333
03d604dca0b3a2c3,692f42c0ffab4b96,1,True,True,3,False,4.6842,1.0,0.0
9c60297c7fc0ab27,fbe26e1242b4c68f,7,True,True,1,False,14.1815,1.0,1.0
9c60297c7fc0ab27,6c7205add87f3de1,1,True,True,1,False,7.4619,1.0,1.0
9c60297c7fc0ab27,970aa7ecf333faa7,0,True,True,1,False,2.243,1.0,1.0
c9faaff7984abbf3,0c7131a1db53d1a9,0,True,True,2,True,1.0152,1.0,0.5
a1e174b210da08b9,980562b31564a35b,1,True,True,2,False,0.674,16.0,0.0
962edb49f0e8a9e8,27e42a9b08f9bc16,1,True,True,2,True,1.4704,1.0,0.5
feb8c27cb373eece,81631f9fd5421b84,25,True,True,6,True,12.4675,1.0,0.4
2b03e72404f04cb4,8d5b2f21883e0b2b,0,True,True,2,True,4.0429,8.0,0.0
67703adcc9a6400f,848011b39c87f796,0,True,True,3,False,15.5626,1.0,1.0
ae6b27829337bede,dd5683cf6f62b8ac,0,True,True,3,True,0.9772,14.0,0.5
8062cbad999f9253,57ecc47caae3fd97,0,True,True,4,True,25.0992,20.0,0.5
13c9255c5ace1dc2,bd51b740b59d35d1,1,True,True,3,True,5.8134,10.0,1.0
f06feefe2c9767ed,b47ec4a655cb5272,0,True,True,3,True,0.1214,371.0,0.6667
f06feefe2c9767ed,c397980d02e96159,8,True,True,3,True,0.1214,3.0,0.0
e6d588879ae263c4,60603b13cad480a2,1,True,True,3,False,0.9774,3.0,0.6667
dfc57d36a376b353,0fcf68d50c630c7a,0,True,True,3,True,9.3137,1.0,0.6667
0e6daa8c75ede4a0,17625917c0b87440,4,True,True,3,True,3.3054,1.0,0.5
e15a524d8a594114,5510926f274f6c47,1,True,True,2,True,16.0859,1.0,1.0
437b38bcc022d3ee,1b2f6aeb64d6c29b,0,True,True,7,True,1.8174,1.0,0.4
b33d4a2cf59e671e,8c2121a335529c03,0,True,True,4,False,0.779,1.0,0.3333
b3832246f91b7aad,3efe91da22a15711,0,True,True,4,False,4.0153,1.0,0.6667
d756d064d5bcd135,91902b53bba3de0e,15,True,True,4,False,1.9309,1.0,1.0
d756d064d5bcd135,7cc48fe4e5ea6c96,23,True,True,4,False,3.9102,5.0,1.0
d756d064d5bcd135,5f962167ddd7446c,0,True,True,4,False,1.2277,1.0,1.0
d756d064d5bcd135,682b7c5d45d1289a,3,True,True,4,False,1.2941,2.0,1.0
d756d064d5bcd135,f99008367ad4bd37,12,True,True,4,False,1.4332,1.0,1.0
d756d064d5bcd135,96198a17978e3664,1,True,True,4,False,1.4814,15.0,1.0
d756d064d5bcd135,b43d944f4a29a0ff,6,True,True,4,False,1.4528,15.0,1.0
7eef27bfb84b33a1,85c8611695c96c50,0,True,True,4,False,14.6123,1.0,0.25
98d67d0323eda906,d88859ad3ca9ab8d,15,True,True,3,True,1.1011,26.0,0.3333
d4b9f99faf01d3a0,25f3ae8be9c2bde6,0,True,True,3,False,6.0137,26.0,1.0
29e40c08b4a7a200,5185b57700a1a3f5,4,True,True,4,False,3.2172,1.0,0.25
85e0034d60649f86,be13261ff1867738,0,True,True,3,True,0.9005,1.0,0.0
bfe4180aa16c47a3,29ccc34ad12be5ed,2,True,True,3,True,4.4658,1.0,0.6667
bfe4180aa16c47a3,09d49e8fd2e72162,5,True,True,3,True,6.3478,11.0,0.6667
2b0c67b398a88d44,4950cd09b1fdf208,0,True,True,2,True,0.05,286.0,0.0
fc20c41d740895c0,f809c10ba77bc50c,1,True,True,2,True,6.4885,1.0,1.0
5b7d51c677efcdb3,fb2b13cf05183a5d,2,True,True,3,True,10.2553,1.0,1.0
4667c6c2887b8a6c,3c4febda6a08149e,0,True,True,4,False,1.5056,1.0,1.0
ed300408952a7d7e,283a7ef384f694b7,9,True,True,3,True,16.3047,37.0,0.6667
445a41a7ef05dc9a,675b2b039fb1a2d4,15,True,True,2,True,15.3866,1.0,0.5
90b4b7984ff6e9bf,382132f03325c622,0,True,True,2,True,4.8702,1.0,1.0
3f1c3bf09ab8d49a,65030b2dfcf6f50d,12,True,True,3,True,0.0002,6.0,0.0
df10405455afac0c,e4ee60d5447cfc76,2,True,True,3,True,0.8616,1.0,0.6667
ed0e8c7d2657655e,8a503ffc5f68e62d,1,True,True,4,True,6.1676,1.0,0.6667
86a869ab86f7557b,7567d500e7a18059,7,True,True,3,True,8.1678,1.0,0.6667
7b28f2c971bdd6a9,12f8867759aee2ca,0,True,True,3,False,1.8608,1.0,0.0
6b4f66df08d9c644,ff79a8ac50919e13,3,True,True,2,True,2.2834,29.0,1.0
6b4f66df08d9c644,93409e79101592a7,0,True,True,2,True,2.5567,1.0,1.0
6b4f66df08d9c644,06beb7f4ab402791,1,True,True,2,True,9.3095,29.0,1.0
7e3727257e2b00f2,17eaeb6bb018cb3b,3,True,True,2,True,0.1864,5.0,0.0
7877085b8203f42b,6aac047c8a5e41bf,3,True,True,4,True,35.8225,1.0,0.5
a93311b38ccf523e,3c8f9f24af13a133,0,True,True,3,False,7.9608,1.0,0.6667
54a7066d7e6450e6,ff2f2f4098b7bbc2,2,True,True,2,True,3.8074,1.0,0.0
1ba191e2b0424083,c52baf8762bfaf0a,0,True,True,4,True,9.9087,1.0,0.6667
be2086ed4a77f6a0,1ad83e34ac6ecf67,6,True,True,3,True,245.3938,1.0,0.6667
817d92ee9f6aeb13,cf95ef57fd093c2e,12,True,True,2,True,3.4748,1.0,0.5
942216e80edc23a0,f70a6170b55bc72b,0,True,True,2,False,1.2199,1.0,0.5
6ac7f1885a35a7eb,8d41cf7ed1adda78,3,True,True,2,True,6.667,1.0,0.0
6ac7f1885a35a7eb,e31786d90c7a23d7,0,True,True,2,True,3.1841,1.0,0.5
817122acf8be380d,5a233e794cd90158,1,True,True,2,True,12.2457,1.0,1.0
817122acf8be380d,1b62423c81bf5119,0,True,True,2,True,4.9684,3.0,1.0
9a81667b1598fd6c,86d33d7ba8b0f4fe,3,True,True,2,True,4.439,2.0,0.5
9a81667b1598fd6c,e45990a7c49d6b21,0,True,True,2,True,4.4526,1.0,0.5
123d06d86ac87fe5,c681364ea3eb46d5,11,True,True,3,True,8.4184,1.0,0.0
8f68e1c5facf39bf,3d676461740b60e9,0,True,True,5,True,5.0094,1.0,0.5
29e860ed805acc16,5dae587f9865ee9a,-1,False,False,1,True,1093.5598,1.0,1.0
40f7ca9ef6129bbf,28b5493fc867555d,0,True,True,3,False,0.2396,10.0,1.0
23bf116435cbeb08,dccbd9e7f7d9f663,0,True,True,6,True,10.0149,1.0,1.0
9f6f5bc3dbc2f09e,de56fc2b3b0a202e,2,True,True,3,False,2.6226,5.0,0.0
9f6f5bc3dbc2f09e,8d324410855f0777,0,True,True,3,False,5.7528,1.0,0.0
2d5cadc61eb53783,19ee2e1ec3f9e40b,2,True,True,3,True,0.2766,3.0,0.6667
68936672ed55a00d,f7924e615e6490c6,0,True,True,2,True,6.0394,1.0,0.5
68936672ed55a00d,56d9f5ed991beb0f,2,True,True,2,True,5.5798,1.0,1.0
861f0f1abc0105e3,8932886ec368aa04,8,True,True,4,True,1.6895,162.0,0.5
cea54a039c64e22b,135576ecabfd1a3c,2,True,True,5,True,0.9961,1.0,0.25
edc9cbbc49ae1f17,a22be8ad7e08b7bf,15,True,True,2,False,5.8387,1.0,0.5
1f19d5000e3aa83a,c20c80b68f64d791,2,True,True,4,True,3.3272,1.0,0.0
3c2bc73587b0971b,44b4bf5918a833ab,1,True,True,2,True,0.1468,1.0,1.0
706190dddb31a48a,90c19e1cd761eb57,1,True,True,2,True,0.7514,1.0,0.5
99d7390013657583,4b8c260f3344a870,39,True,True,4,True,90.7396,72.0,0.5
d5540c26a38d8415,bbf6ca395497b291,6,True,True,2,True,13.0748,1.0,0.5
d5540c26a38d8415,a6a1a9da233dd7b3,3,True,True,2,True,10.6053,1.0,1.0
d5540c26a38d8415,dc842c3f4c08753c,1,True,True,2,True,3.4705,1.0,1.0
b4549b1115b43e2f,d2155271096f33e6,8,True,True,3,True,2.1794,1.0,0.3333
4aa81eab91650e54,450c31a53ee1ab74,3,True,True,4,True,0.9406,5.0,0.6667
4aa81eab91650e54,9a053174e4a20ed4,0,True,True,4,True,0.8738,6.0,0.6667
e86040c996059391,63e23a7eb1558239,0,True,True,4,True,9.7298,2.0,1.0
3d3e1efe75b425fc,e498e5c18e71a24c,0,True,True,3,True,0.0002,30.0,0.5
102d20422dabb955,5ced540a9f35214e,0,True,True,3,True,3.2931,3.0,0.6667
c838a97ce320711e,a58fb3d5aeaba06a,0,True,True,4,True,6.4007,1.0,0.6667
64891c81bc12aad4,8ca07e64852e1cdd,0,True,True,5,False,3.7049,80.0,0.25
18508b4eb5adafc0,5e6a589e39ef62d0,9,True,True,2,False,5.5652,315.0,0.0
0eb6bb251df823d5,cbd39bcdbefc57f3,2,True,True,3,True,1.4283,2.0,0.5
6513b2f384c4301a,dedab916b8e71a75,3,True,True,3,True,1.4229,1.0,0.0
f8f55dc3f82e3e3d,95ce8bf06a257ced,2,True,True,4,True,5.3178,191.0,0.3333
c1009361c59c600c,9bcc383d6c5e001f,61,False,True,2,True,4.768,1.0,0.0
87b7e8170dbd0815,c7003f68fef780c2,2,True,True,5,True,0.5086,1.0,0.6667
63ca92bcbebbd4a4,5679f89e832d2333,-1,False,False,2,False,0.6,1.0,0.0
63ca92bcbebbd4a4,89780cad1d50a346,-1,False,False,2,False,0.6271,1.0,0.0
a83e03f988a265bb,895edd88616e4377,0,True,True,3,False,0.0002,2.0,0.5
9a98c02173a5bf9a,6540c515a1426a1d,0,True,True,3,True,0.9828,1.0,0.6667
4248a0d5dde3434e,03aebe267f9ad3e8,5,True,True,3,True,0.387,1.0,0.0
c02a6c3d3bb5b26f,9fd7d8576f123eb4,0,True,True,3,False,1.6158,276.0,1.0
10972177f8217f61,8467fc56df0d773f,10,True,True,4,True,11.1113,41.0,0.3333
a282da2fbaaca328,9f03cee2e14e8110,0,True,True,6,True,8.5982,1.0,0.5
2a1ee8313b4f15c8,86b4843e7967a1d6,11,True,True,3,True,11.3026,1.0,1.0
f3d436d60f5b6e9b,f28d1187132f7648,4,True,True,2,True,0.5039,32.0,0.0
2108ba83ea272429,e308da49424d1f2b,4,True,True,3,False,2.6944,1.0,0.0
ccfd01fc1666c8dc,991c815e737e68e7,0,True,True,5,True,1.9121,1.0,0.6667
5a76087efce20a84,fd40e786b384d136,0,True,True,3,True,1.9882,1.0,1.0
ea4cd13778d3e822,16ba1c55faf6798c,1,True,True,5,False,8.8529,1.0,0.5
e7b7205cf2a9179c,83e23f456960f0ae,7,True,True,2,False,6.598,6.0,0.5
e7b7205cf2a9179c,b766a6d642dade54,0,True,True,2,False,6.5327,124.0,0.5
813e0a148a5457f7,9e9c3342409e71f0,0,True,True,3,True,4.5651,1.0,0.0
f357215bb98551b2,79e7ab201c266176,1,True,True,4,True,1.6657,7.0,0.6667
08da285115f80251,5723451e8dc4c78e,4,True,True,2,False,94.2154,1.0,0.5
5c5d71e780a763c9,29bd8ea2b312f8ee,1,True,True,4,True,2.2179,2.0,0.6667
b634551061327d84,9f242168392cd89f,0,True,True,2,True,3.0274,1.0,1.0
a9876835689c4b49,a90e51853233190d,0,True,True,3,True,2.077,2.0,0.3333
cbb7afce4caf5ed2,40ec553c51b47992,8,True,True,2,True,8.0101,116.0,1.0
cbb7afce4caf5ed2,26af5ddd60008132,6,True,True,2,True,9.0243,2.0,1.0
d912e2bdc5eed411,386a7aed707523e8,1,True,True,3,True,0.0,1.0,0.0
036f25c7386d7010,787a17962994a9f8,1,True,True,3,True,7.1626,1.0,0.5
